BrNum,Age,Sex,Ancestry,APOE,Rin,ERC,ERC_qc,LC,LC_qc,NbM,note
Br5212,51.63,M,EA,E2/E3,8.5,TRUE,TRUE,FALSE,NA,TRUE,NA
Br1039,51.45,F,AA,E4/E4,8.6,TRUE,TRUE,TRUE,TRUE,TRUE,NA
Br1556,29.95,F,AA,E2/E2,9.3,TRUE,TRUE,TRUE,TRUE,TRUE,NA
Br5276,59.86,M,EA,E3/E4,7.4,TRUE,TRUE,TRUE,FALSE,TRUE,No LC in dissection
Br2582,41.44,M,EA,E2/E2,7.3,TRUE,TRUE,TRUE,TRUE,TRUE,NA
Br5415,60.83,M,AA,E2/E3,8.7,TRUE,TRUE,TRUE,TRUE,FALSE,NA
Br3974,62.7,M,AA,E3/E4,7.2,TRUE,TRUE,TRUE,TRUE,FALSE,NA
Br1691,46.53,F,AA,E4/E4,8.5,TRUE,TRUE,TRUE,TRUE,TRUE,NA
Br6476,42.39,F,AA,E3/E4,7.1,TRUE,TRUE,TRUE,TRUE,FALSE,NA
Br5426,48.75,F,AA,E2/E3,9.2,TRUE,TRUE,TRUE,TRUE,FALSE,NA
Br1706,50.08,M,EA,E4/E4,8.2,TRUE,TRUE,TRUE,TRUE,FALSE,NA
Br5460,61.34,M,AA,E3/E4,8.5,TRUE,TRUE,TRUE,TRUE,TRUE,NA
Br5517,63.98,M,EA,E3/E4,9.4,TRUE,TRUE,TRUE,FALSE,TRUE,No LC in dissection
Br2305,54.88,F,AA,E4/E4,8,TRUE,TRUE,TRUE,TRUE,TRUE,NA
Br5712,67.75,M,EA,E2/E2,6.8,TRUE,TRUE,TRUE,FALSE,FALSE,No LC in dissection
Br5367,31.31,F,EA,E2/E3,6.6,TRUE,TRUE,TRUE,TRUE,FALSE,NA
Br5941,42.19,M,AA,E4/E4,9,TRUE,TRUE,TRUE,TRUE,FALSE,NA
Br5599,55.88,M,EA,E3/E4,8.5,TRUE,TRUE,FALSE,NA,TRUE,NA
Br5832,45.3,M,AA,E2/E2,8.4,TRUE,TRUE,FALSE,NA,TRUE,NA
Br5634,51.11,M,EA,E2/E3,8.6,TRUE,TRUE,TRUE,TRUE,TRUE,NA
Br6085,59.98,M,AA,E3/E4,9.3,TRUE,TRUE,TRUE,TRUE,FALSE,NA
Br6161,43.67,M,EA,E2/E2,5.2,TRUE,TRUE,FALSE,NA,FALSE,NA
Br5854,68.38,M,AA,E2/E3,9,TRUE,TRUE,TRUE,TRUE,FALSE,NA
Br1289,58.19,M,AA,E4/E4,8.7,TRUE,FALSE,FALSE,NA,FALSE,Wrong sample info
Br6423,51.73,M,EA,E2/E3,7.1,TRUE,TRUE,TRUE,TRUE,TRUE,NA
Br6098,50.2,M,AA,E3/E4,8.3,TRUE,TRUE,TRUE,TRUE,FALSE,NA
Br5161,54.43,M,EA,E4/E4,8.5,TRUE,TRUE,FALSE,NA,TRUE,NA
Br5529,48.69,F,AA,E2/E2,5.2,TRUE,TRUE,TRUE,TRUE,TRUE,NA
Br6321,57.1,M,EA,E3/E4,7.7,TRUE,TRUE,FALSE,NA,FALSE,NA
Br6538,60.84,M,EA,E2/E3,7.4,TRUE,TRUE,TRUE,TRUE,TRUE,NA
Br6263,50.73,F,AA,E3/E4,7,TRUE,TRUE,TRUE,TRUE,FALSE,NA
Br6222,60.56,M,EA,E3/E4,7.8,FALSE,NA,TRUE,TRUE,FALSE,NA
Br0946,53.92,M,AA,E4/E4,9,FALSE,NA,TRUE,TRUE,FALSE,NA
Br0942,61.92,M,EA,E4/E4,8.4,FALSE,NA,TRUE,TRUE,FALSE,NA
Br6297,36.67,F,EA,E2/E3,7.5,FALSE,NA,TRUE,TRUE,FALSE,NA
Br1105,44.14,F,AA,E4/E4,5.3,FALSE,NA,TRUE,TRUE,FALSE,NA
Br1884,38.48,M,AA,E4/E4,8.6,FALSE,NA,TRUE,TRUE,FALSE,NA
Br5368,52.92,M,EA,E3/E4,8.7,FALSE,NA,TRUE,TRUE,TRUE,NA
Br6119,48.59,M,AA,E3/E4,7,FALSE,NA,TRUE,TRUE,FALSE,NA
Br1285,58.19,M,AA,E4/E4,8.7,FALSE,NA,TRUE,TRUE,TRUE,NA
Br1092,48.95,M,EA,E4/E4,8.8,FALSE,NA,FALSE,NA,TRUE,NA
Br6161,43.6743098,M,EA,E2/E2,5.2,FALSE,NA,FALSE,NA,TRUE,NA
Br3974,62.69678303,M,AA,E3/E4,7.2,FALSE,NA,FALSE,NA,TRUE,NA
Br6085,59.98083504,M,AA,E3/E4,9.3,FALSE,NA,FALSE,NA,TRUE,NA
Br6321,57.10335387,M,EA,E3/E4,7.7,FALSE,NA,FALSE,NA,TRUE,NA
Br6098,50.19575633,M,AA,E3/E4,8.3,FALSE,NA,FALSE,NA,TRUE,NA
Br5941,42.19039471,M,AA,E4/E4,9,FALSE,NA,FALSE,NA,TRUE,NA
Br6263,50.7267853,F,AA,E3/E4,7,FALSE,NA,FALSE,NA,TRUE,NA
Br6476,42.3927675,F,AA,E3/E4,7.1,FALSE,NA,FALSE,NA,TRUE,NA
