sample_id,spot_name,ManualAnnotation
Br5415,AAACGGGTTGGTATCC-1_Br5415,out_edge
Br5415,AGGGTGGATAGTGCAT-1_Br5415,out_edge
Br5415,ATCTCATAAACCTACC-1_Br5415,out_edge
Br5415,GGTTACCGCTCCCTAC-1_Br5415,out_edge
Br5415,TGATAGCGGGATTCTA-1_Br5415,out_edge
Br5460,AAAGGTAAGCTGTACC-1_Br5460,out_edge
Br5460,AACTAGCGTATCGCAC-1_Br5460,out_edge
Br5460,AACTTTAGCTGCTGAG-1_Br5460,tail
Br5460,ACGTTTCGGTGCACTT-1_Br5460,out_edge
Br5460,AGGCGTCTATGGACGG-1_Br5460,out_edge
Br5460,ATCGCCGTGGTTCATG-1_Br5460,out_edge
Br5460,CAAGTGAACTTTGGTT-1_Br5460,tail
Br5460,CAGTGTTAATCTCTCA-1_Br5460,out_edge
Br5460,CATAGTGGGCACGCCT-1_Br5460,out_edge
Br5460,CCTACAAGTCCGGAAT-1_Br5460,out_edge
Br5460,GGATCAAAGGACGAGG-1_Br5460,tail
Br5460,GGCATCAACGAGCACG-1_Br5460,tail
Br5460,GTACGTCACGTATTAA-1_Br5460,out_edge
Br5460,GTAGCGCTGTTGTAGT-1_Br5460,tail
Br5460,GTTAGAGTGTGCCGCT-1_Br5460,out_edge
Br5460,TAGTGACAAGCTCTAC-1_Br5460,out_edge
Br5460,TGCTATACAAACGGAC-1_Br5460,out_edge
Br5460,TTATAGATGCACATTA-1_Br5460,tail
Br5460,TTCAATTAGCCATAAT-1_Br5460,out_edge
Br5517,AACTGGTGTGGGCCTT-1_Br5517,tail
Br5517,AACTTTAGCTGCTGAG-1_Br5517,tail
Br5517,AATATCAAGGTCGGAT-1_Br5517,tail
Br5517,ACACGGCACTATGCAT-1_Br5517,tail
Br5517,ACACGTAGGCCACAAG-1_Br5517,out_edge
Br5517,ACAGATTAGGTTAGTG-1_Br5517,tail
Br5517,ACCAGGAGTGTGATCT-1_Br5517,tail
Br5517,ACGTTCCGCGCTCCGT-1_Br5517,tail
Br5517,ACTGATTTAGTGATTC-1_Br5517,tail
Br5517,ACTTGCCATATTGTAC-1_Br5517,tail
Br5517,AGACATAGATCCTTCC-1_Br5517,tail
Br5517,AGAGCCGCCGAGATTT-1_Br5517,out_edge
Br5517,AGAGGTATCTCGGTCC-1_Br5517,tail
Br5517,AGCTTATAGAGACCTG-1_Br5517,tail
Br5517,AGGGCAGCGGCGTGGT-1_Br5517,tail
Br5517,ATATCGTGCCAGACCC-1_Br5517,tail
Br5517,ATCCTGCTGCAGATAG-1_Br5517,tail
Br5517,ATGCATTCCGTGATGG-1_Br5517,tail
Br5517,ATGCTTAGGAGTTGAT-1_Br5517,out_edge
Br5517,ATGTACATGCGGTGAG-1_Br5517,out_edge
Br5517,ATGTGTAGTTTAGTCA-1_Br5517,tail
Br5517,ATTATCTCGACAGATC-1_Br5517,tail
Br5517,ATTGACGTAACTCGGT-1_Br5517,tail
Br5517,CAAACGTGGTCTTGCG-1_Br5517,tail
Br5517,CAACGTGGTGGAGTCT-1_Br5517,out_edge
Br5517,CAAGTGAACTTTGGTT-1_Br5517,tail
Br5517,CAATGGTCGGCCTGGG-1_Br5517,tail
Br5517,CACAGTCCCGCTTCGC-1_Br5517,out_edge
Br5517,CACTACTCAGTTCTGT-1_Br5517,tail
Br5517,CATAATGAGCGGGCGA-1_Br5517,tail
Br5517,CATTTATCGTTCAAGA-1_Br5517,tail
Br5517,CCATCTTGTTCACAAT-1_Br5517,tail
Br5517,CCCAAGACAGAGTATG-1_Br5517,tail
Br5517,CCGACAATAGGCCGCC-1_Br5517,out_edge
Br5517,CCGACTCGCATAGTCT-1_Br5517,tail
Br5517,CCGCTGGTGCCATTCA-1_Br5517,tail
Br5517,CGCAGAAACATTTGCG-1_Br5517,tail
Br5517,CGGCTTTGTATGATAA-1_Br5517,tail
Br5517,CGTAGCGCCGACGTTG-1_Br5517,tail
Br5517,CGTGTATGGGAGCTGA-1_Br5517,out_edge
Br5517,CTGCAAGCACGTTCCG-1_Br5517,out_edge
Br5517,GAACCATCTGGGAGAC-1_Br5517,tail
Br5517,GACGGACCGCGTTCCT-1_Br5517,tail
Br5517,GATGTGTTGTCACAAG-1_Br5517,tail
Br5517,GCCGGAAACACATCTT-1_Br5517,tail
Br5517,GCCTATTTGCTACACA-1_Br5517,tail
Br5517,GGAACTTTGGCGATTA-1_Br5517,out_edge
Br5517,GGAATAACCTCAAGAA-1_Br5517,tail
Br5517,GGAGGATTGAAAGGAG-1_Br5517,tail
Br5517,GGATCAAAGGACGAGG-1_Br5517,tail
Br5517,GGCATCAACGAGCACG-1_Br5517,tail
Br5517,GGTGAAACCGGGAATG-1_Br5517,tail
Br5517,GTAGACAACCGATGAA-1_Br5517,tail
Br5517,GTAGCGCTGTTGTAGT-1_Br5517,tail
Br5517,GTCAATTGTACTGAAG-1_Br5517,tail
Br5517,GTTAGAGTGTGCCGCT-1_Br5517,tail
Br5517,GTTATCACCTTCTGAA-1_Br5517,tail
Br5517,TACTCTTACTTTACTG-1_Br5517,out_edge
Br5517,TAGAAACCACTAAGTA-1_Br5517,tail
Br5517,TATTCCGGCAGTCCTA-1_Br5517,tail
Br5517,TCCATTGTGACCTCGT-1_Br5517,tail
Br5517,TCCGAGAAGGCTAAGC-1_Br5517,tail
Br5517,TCGATAGGCTAGTCGC-1_Br5517,tail
Br5517,TCGATGTTACGGCCGT-1_Br5517,out_edge
Br5517,TCGCATAAAGGGCGCA-1_Br5517,out_edge
Br5517,TCGGAATGACCATCAA-1_Br5517,tail
Br5517,TCGGCTAACTTCCCTT-1_Br5517,tail
Br5517,TCTGTTTAGATTGTTC-1_Br5517,out_edge
Br5517,TGCTATACAAACGGAC-1_Br5517,tail
Br5517,TGGCGGTGTGCGATTG-1_Br5517,tail
Br5517,TGGGCACAAACAGAAC-1_Br5517,tail
Br5517,TGGTATCGGTCTGTAT-1_Br5517,tail
Br5517,TGTAGCCATCCCATTC-1_Br5517,out_edge
Br5517,TGTTTAATACTTCATC-1_Br5517,tail
Br5517,TTAAACCGGTAGCGAC-1_Br5517,tail
Br5517,TTATAGATGCACATTA-1_Br5517,tail
Br5517,TTATGCGTCCCGGTCC-1_Br5517,tail
Br5517,TTCAATTAGCCATAAT-1_Br5517,tail
Br5517,TTGCTGGCCGGGCTTC-1_Br5517,tail
Br5517,TTGGAGTCTCCCTTCT-1_Br5517,tail
Br5517,TTGTTTGTGTAAATTC-1_Br5517,tail
Br5367,ACAAGGCCTACCAGCC-1_Br5367,out_edge
Br5367,ACGCCTGACACGCGCT-1_Br5367,out_tissue
Br5367,AGACGCCCACTTCGCC-1_Br5367,out_tissue
Br5367,AGTACATCATTTATCA-1_Br5367,out_edge
Br5367,CCGATTGGTCAATGAA-1_Br5367,out_edge
Br5367,CGTTGTAAGATTGATT-1_Br5367,out_edge
Br5367,GTCCTTTAATGACTTC-1_Br5367,out_edge
Br5367,GTTAATAGCGTCATTA-1_Br5367,out_edge
Br5367,GTTTGAGCGGTTATGT-1_Br5367,out_edge
Br5367,TAACATACAATGTGGG-1_Br5367,out_tissue
Br5367,TCGAGGGCAACAGACG-1_Br5367,out_tissue
Br5367,TCTCAGGCTACTCGCT-1_Br5367,out_edge
Br5367,TGACTCTAACTGGTAA-1_Br5367,out_edge
Br5367,TTACGTAGCGCGTGCT-1_Br5367,out_edge
Br5367,TTCCCAAAGTACTGAT-1_Br5367,out_edge