"","source","target","n","p_target","p_source"
"1","Astro.1","Astro.1",2,0.00763358778625954,0.00664451827242525
"2","Astro.1","Astro.2",1,0.00381679389312977,0.00735294117647059
"3","Astro.1","Astro.3",3,0.0114503816793893,0.0132743362831858
"4","Astro.1","Astro.4",2,0.00763358778625954,0.0119047619047619
"5","Astro.1","OPC.1",6,0.0229007633587786,0.0157068062827225
"6","Astro.1","OPC.2",2,0.00763358778625954,0.00738007380073801
"7","Astro.1","OPC.3",10,0.0381679389312977,0.0218818380743982
"8","Astro.1","OPC.4",9,0.0343511450381679,0.0206896551724138
"9","Astro.1","Oligo.1",2,0.00763358778625954,0.0121212121212121
"10","Astro.1","Oligo.2",2,0.00763358778625954,0.0104166666666667
"11","Astro.1","Oligo.3",1,0.00381679389312977,0.0099009900990099
"12","Astro.1","Oligo.4",2,0.00763358778625954,0.0169491525423729
"13","Astro.1","Oligo.5",1,0.00381679389312977,0.0087719298245614
"14","Astro.1","Vasc.Endo",1,0.00381679389312977,0.0116279069767442
"15","Astro.1","Vasc.VLMC",2,0.00763358778625954,0.0256410256410256
"16","Astro.1","Excit.L2",47,0.179389312977099,0.0359052711993888
"17","Astro.1","Excit.L2_5.1",23,0.0877862595419847,0.0268378063010502
"18","Astro.1","Excit.L5.1",38,0.145038167938931,0.0360873694207028
"19","Astro.1","Excit.L6b",32,0.122137404580153,0.0325865580448065
"20","Astro.1","Inhib.Lamp5_Lhx6",15,0.0572519083969466,0.0216763005780347
"21","Astro.1","Inhib.Pvalb",17,0.0648854961832061,0.0226666666666667
"22","Astro.1","Inhib.Vip",16,0.0610687022900763,0.023021582733813
"23","Astro.1","Inhib.Chandelier",9,0.0343511450381679,0.0398230088495575
"24","Astro.1","Inhib.Sst",19,0.0725190839694656,0.0225118483412322
"25","Astro.2","Astro.1",1,0.00847457627118644,0.00332225913621262
"26","Astro.2","OPC.1",1,0.00847457627118644,0.00261780104712042
"27","Astro.2","OPC.2",1,0.00847457627118644,0.003690036900369
"28","Astro.2","OPC.3",4,0.0338983050847458,0.0087527352297593
"29","Astro.2","OPC.4",3,0.0254237288135593,0.00689655172413793
"30","Astro.2","Excit.L2",25,0.211864406779661,0.0190985485103132
"31","Astro.2","Excit.L2_5.1",10,0.0847457627118644,0.0116686114352392
"32","Astro.2","Excit.L5.1",20,0.169491525423729,0.0189933523266857
"33","Astro.2","Excit.L6b",18,0.152542372881356,0.0183299389002037
"34","Astro.2","Inhib.Lamp5_Lhx6",7,0.0593220338983051,0.0101156069364162
"35","Astro.2","Inhib.Pvalb",7,0.0593220338983051,0.00933333333333333
"36","Astro.2","Inhib.Vip",9,0.076271186440678,0.0129496402877698
"37","Astro.2","Inhib.Chandelier",3,0.0254237288135593,0.0132743362831858
"38","Astro.2","Inhib.Sst",9,0.076271186440678,0.0106635071090047
"39","Astro.3","Astro.1",2,0.0102040816326531,0.00664451827242525
"40","Astro.3","OPC.1",4,0.0204081632653061,0.0104712041884817
"41","Astro.3","OPC.2",1,0.00510204081632653,0.003690036900369
"42","Astro.3","OPC.3",7,0.0357142857142857,0.0153172866520788
"43","Astro.3","OPC.4",7,0.0357142857142857,0.0160919540229885
"44","Astro.3","Oligo.1",1,0.00510204081632653,0.00606060606060606
"45","Astro.3","Oligo.2",1,0.00510204081632653,0.00520833333333333
"46","Astro.3","Oligo.3",1,0.00510204081632653,0.0099009900990099
"47","Astro.3","Oligo.4",1,0.00510204081632653,0.00847457627118644
"48","Astro.3","Oligo.5",1,0.00510204081632653,0.0087719298245614
"49","Astro.3","Excit.L2",37,0.188775510204082,0.0282658517952636
"50","Astro.3","Excit.L2_5.1",16,0.0816326530612245,0.0186697782963827
"51","Astro.3","Excit.L5.1",28,0.142857142857143,0.0265906932573599
"52","Astro.3","Excit.L6b",29,0.147959183673469,0.0295315682281059
"53","Astro.3","Inhib.Lamp5_Lhx6",11,0.0561224489795918,0.0158959537572254
"54","Astro.3","Inhib.Pvalb",13,0.0663265306122449,0.0173333333333333
"55","Astro.3","Inhib.Vip",13,0.0663265306122449,0.018705035971223
"56","Astro.3","Inhib.Chandelier",5,0.0255102040816327,0.0221238938053097
"57","Astro.3","Inhib.Sst",18,0.0918367346938776,0.0213270142180095
"58","Astro.4","Astro.1",2,0.0117647058823529,0.00664451827242525
"59","Astro.4","Astro.2",1,0.00588235294117647,0.00735294117647059
"60","Astro.4","Astro.3",1,0.00588235294117647,0.00442477876106195
"61","Astro.4","OPC.1",5,0.0294117647058824,0.0130890052356021
"62","Astro.4","OPC.2",1,0.00588235294117647,0.003690036900369
"63","Astro.4","OPC.3",8,0.0470588235294118,0.0175054704595186
"64","Astro.4","OPC.4",7,0.0411764705882353,0.0160919540229885
"65","Astro.4","Oligo.1",1,0.00588235294117647,0.00606060606060606
"66","Astro.4","Oligo.2",1,0.00588235294117647,0.00520833333333333
"67","Astro.4","Vasc.Endo",1,0.00588235294117647,0.0116279069767442
"68","Astro.4","Vasc.VLMC",1,0.00588235294117647,0.0128205128205128
"69","Astro.4","Excit.L2",30,0.176470588235294,0.0229182582123759
"70","Astro.4","Excit.L2_5.1",18,0.105882352941176,0.0210035005834306
"71","Astro.4","Excit.L5.1",23,0.135294117647059,0.0218423551756885
"72","Astro.4","Excit.L6b",22,0.129411764705882,0.0224032586558045
"73","Astro.4","Inhib.Lamp5_Lhx6",12,0.0705882352941176,0.0173410404624277
"74","Astro.4","Inhib.Pvalb",11,0.0647058823529412,0.0146666666666667
"75","Astro.4","Inhib.Vip",12,0.0705882352941176,0.0172661870503597
"76","Astro.4","Inhib.Sst",13,0.0764705882352941,0.0154028436018957
"77","Astro.5","OPC.1",1,0.0166666666666667,0.00261780104712042
"78","Astro.5","OPC.3",3,0.05,0.00656455142231947
"79","Astro.5","OPC.4",3,0.05,0.00689655172413793
"80","Astro.5","Excit.L2",14,0.233333333333333,0.0106951871657754
"81","Astro.5","Excit.L2_5.1",5,0.0833333333333333,0.0058343057176196
"82","Astro.5","Excit.L5.1",9,0.15,0.00854700854700855
"83","Astro.5","Excit.L6b",11,0.183333333333333,0.0112016293279022
"84","Astro.5","Inhib.Lamp5_Lhx6",2,0.0333333333333333,0.00289017341040462
"85","Astro.5","Inhib.Pvalb",3,0.05,0.004
"86","Astro.5","Inhib.Vip",3,0.05,0.00431654676258993
"87","Astro.5","Inhib.Sst",6,0.1,0.00710900473933649
"88","Macro","Oligo.2",1,0.0909090909090909,0.00520833333333333
"89","Macro","Excit.L2",3,0.272727272727273,0.00229182582123759
"90","Macro","Excit.L6b",1,0.0909090909090909,0.0010183299389002
"91","Macro","Inhib.Lamp5_Lhx6",2,0.181818181818182,0.00289017341040462
"92","Macro","Inhib.Pvalb",2,0.181818181818182,0.00266666666666667
"93","Macro","Inhib.Vip",1,0.0909090909090909,0.00143884892086331
"94","Macro","Inhib.Sst",1,0.0909090909090909,0.00118483412322275
"95","Micro.1","Oligo.1",1,0.0196078431372549,0.00606060606060606
"96","Micro.1","Oligo.2",1,0.0196078431372549,0.00520833333333333
"97","Micro.1","Excit.L2",14,0.274509803921569,0.0106951871657754
"98","Micro.1","Excit.L2_5.1",3,0.0588235294117647,0.00350058343057176
"99","Micro.1","Excit.L5.1",11,0.215686274509804,0.0104463437796771
"100","Micro.1","Excit.L6b",10,0.196078431372549,0.010183299389002
"101","Micro.1","Inhib.Lamp5_Lhx6",2,0.0392156862745098,0.00289017341040462
"102","Micro.1","Inhib.Pvalb",3,0.0588235294117647,0.004
"103","Micro.1","Inhib.Vip",2,0.0392156862745098,0.00287769784172662
"104","Micro.1","Inhib.Chandelier",1,0.0196078431372549,0.00442477876106195
"105","Micro.1","Inhib.Sst",3,0.0588235294117647,0.00355450236966825
"106","Micro.2","Oligo.2",1,0.0263157894736842,0.00520833333333333
"107","Micro.2","Excit.L2",11,0.289473684210526,0.00840336134453781
"108","Micro.2","Excit.L2_5.1",1,0.0263157894736842,0.00116686114352392
"109","Micro.2","Excit.L5.1",8,0.210526315789474,0.00759734093067426
"110","Micro.2","Excit.L6b",7,0.184210526315789,0.00712830957230143
"111","Micro.2","Inhib.Lamp5_Lhx6",2,0.0526315789473684,0.00289017341040462
"112","Micro.2","Inhib.Pvalb",3,0.0789473684210526,0.004
"113","Micro.2","Inhib.Vip",2,0.0526315789473684,0.00287769784172662
"114","Micro.2","Inhib.Chandelier",1,0.0263157894736842,0.00442477876106195
"115","Micro.2","Inhib.Sst",2,0.0526315789473684,0.0023696682464455
"116","Micro.3","Oligo.1",1,0.0294117647058824,0.00606060606060606
"117","Micro.3","Oligo.2",1,0.0294117647058824,0.00520833333333333
"118","Micro.3","Excit.L2",13,0.382352941176471,0.00993124522536287
"119","Micro.3","Excit.L2_5.1",2,0.0588235294117647,0.00233372228704784
"120","Micro.3","Excit.L5.1",4,0.117647058823529,0.00379867046533713
"121","Micro.3","Excit.L6b",4,0.117647058823529,0.00407331975560081
"122","Micro.3","Inhib.Lamp5_Lhx6",2,0.0588235294117647,0.00289017341040462
"123","Micro.3","Inhib.Pvalb",3,0.0882352941176471,0.004
"124","Micro.3","Inhib.Vip",2,0.0588235294117647,0.00287769784172662
"125","Micro.3","Inhib.Sst",2,0.0588235294117647,0.0023696682464455
"126","Micro.4","Oligo.1",1,0.0256410256410256,0.00606060606060606
"127","Micro.4","Oligo.2",1,0.0256410256410256,0.00520833333333333
"128","Micro.4","Excit.L2",13,0.333333333333333,0.00993124522536287
"129","Micro.4","Excit.L2_5.1",2,0.0512820512820513,0.00233372228704784
"130","Micro.4","Excit.L5.1",6,0.153846153846154,0.0056980056980057
"131","Micro.4","Excit.L6b",7,0.179487179487179,0.00712830957230143
"132","Micro.4","Inhib.Lamp5_Lhx6",2,0.0512820512820513,0.00289017341040462
"133","Micro.4","Inhib.Pvalb",3,0.0769230769230769,0.004
"134","Micro.4","Inhib.Vip",2,0.0512820512820513,0.00287769784172662
"135","Micro.4","Inhib.Sst",2,0.0512820512820513,0.0023696682464455
"136","Micro.5","Oligo.2",1,0.0454545454545455,0.00520833333333333
"137","Micro.5","Excit.L2",8,0.363636363636364,0.00611153552330023
"138","Micro.5","Excit.L2_5.1",1,0.0454545454545455,0.00116686114352392
"139","Micro.5","Excit.L5.1",3,0.136363636363636,0.00284900284900285
"140","Micro.5","Excit.L6b",3,0.136363636363636,0.00305498981670061
"141","Micro.5","Inhib.Lamp5_Lhx6",2,0.0909090909090909,0.00289017341040462
"142","Micro.5","Inhib.Pvalb",2,0.0909090909090909,0.00266666666666667
"143","Micro.5","Inhib.Vip",1,0.0454545454545455,0.00143884892086331
"144","Micro.5","Inhib.Sst",1,0.0454545454545455,0.00118483412322275
"145","OPC.1","Astro.1",4,0.0105820105820106,0.0132890365448505
"146","OPC.1","Astro.2",1,0.00264550264550265,0.00735294117647059
"147","OPC.1","Astro.3",5,0.0132275132275132,0.0221238938053097
"148","OPC.1","Astro.4",2,0.00529100529100529,0.0119047619047619
"149","OPC.1","Astro.5",1,0.00264550264550265,0.0140845070422535
"150","OPC.1","OPC.1",13,0.0343915343915344,0.0340314136125654
"151","OPC.1","OPC.2",8,0.0211640211640212,0.029520295202952
"152","OPC.1","OPC.3",18,0.0476190476190476,0.0393873085339169
"153","OPC.1","OPC.4",15,0.0396825396825397,0.0344827586206897
"154","OPC.1","Oligo.1",3,0.00793650793650794,0.0181818181818182
"155","OPC.1","Oligo.2",5,0.0132275132275132,0.0260416666666667
"156","OPC.1","Oligo.3",2,0.00529100529100529,0.0198019801980198
"157","OPC.1","Oligo.4",2,0.00529100529100529,0.0169491525423729
"158","OPC.1","Oligo.5",2,0.00529100529100529,0.0175438596491228
"159","OPC.1","Vasc.VLMC",1,0.00264550264550265,0.0128205128205128
"160","OPC.1","Excit.L2",52,0.137566137566138,0.0397249809014515
"161","OPC.1","Excit.L2_5.1",34,0.0899470899470899,0.0396732788798133
"162","OPC.1","Excit.L5.1",47,0.124338624338624,0.0446343779677113
"163","OPC.1","Excit.L6b",42,0.111111111111111,0.0427698574338086
"164","OPC.1","Inhib.Lamp5_Lhx6",31,0.082010582010582,0.0447976878612717
"165","OPC.1","Inhib.Pvalb",26,0.0687830687830688,0.0346666666666667
"166","OPC.1","Inhib.Vip",21,0.0555555555555556,0.0302158273381295
"167","OPC.1","Inhib.Chandelier",13,0.0343915343915344,0.0575221238938053
"168","OPC.1","Inhib.Sst",30,0.0793650793650794,0.0355450236966825
"169","OPC.2","Astro.1",3,0.0106382978723404,0.00996677740863787
"170","OPC.2","Astro.2",1,0.00354609929078014,0.00735294117647059
"171","OPC.2","Astro.3",3,0.0106382978723404,0.0132743362831858
"172","OPC.2","OPC.1",8,0.0283687943262411,0.0209424083769634
"173","OPC.2","OPC.2",6,0.0212765957446809,0.022140221402214
"174","OPC.2","OPC.3",12,0.0425531914893617,0.0262582056892779
"175","OPC.2","OPC.4",11,0.0390070921985816,0.0252873563218391
"176","OPC.2","Oligo.1",2,0.00709219858156028,0.0121212121212121
"177","OPC.2","Oligo.2",3,0.0106382978723404,0.015625
"178","OPC.2","Oligo.3",1,0.00354609929078014,0.0099009900990099
"179","OPC.2","Oligo.4",1,0.00354609929078014,0.00847457627118644
"180","OPC.2","Oligo.5",1,0.00354609929078014,0.0087719298245614
"181","OPC.2","Excit.L2",45,0.159574468085106,0.0343773873185638
"182","OPC.2","Excit.L2_5.1",26,0.0921985815602837,0.0303383897316219
"183","OPC.2","Excit.L5.1",39,0.138297872340426,0.037037037037037
"184","OPC.2","Excit.L6b",35,0.124113475177305,0.0356415478615071
"185","OPC.2","Inhib.Lamp5_Lhx6",18,0.0638297872340425,0.0260115606936416
"186","OPC.2","Inhib.Pvalb",19,0.0673758865248227,0.0253333333333333
"187","OPC.2","Inhib.Vip",18,0.0638297872340425,0.0258992805755396
"188","OPC.2","Inhib.Chandelier",10,0.0354609929078014,0.0442477876106195
"189","OPC.2","Inhib.Sst",20,0.0709219858156028,0.023696682464455
"190","OPC.3","Astro.1",4,0.00881057268722467,0.0132890365448505
"191","OPC.3","Astro.2",2,0.00440528634361234,0.0147058823529412
"192","OPC.3","Astro.3",5,0.0110132158590308,0.0221238938053097
"193","OPC.3","Astro.4",3,0.0066079295154185,0.0178571428571429
"194","OPC.3","Astro.5",1,0.00220264317180617,0.0140845070422535
"195","OPC.3","OPC.1",16,0.0352422907488987,0.0418848167539267
"196","OPC.3","OPC.2",11,0.0242290748898678,0.040590405904059
"197","OPC.3","OPC.3",21,0.0462555066079295,0.0459518599562363
"198","OPC.3","OPC.4",18,0.039647577092511,0.0413793103448276
"199","OPC.3","Oligo.1",4,0.00881057268722467,0.0242424242424242
"200","OPC.3","Oligo.2",7,0.0154185022026432,0.0364583333333333
"201","OPC.3","Oligo.3",4,0.00881057268722467,0.0396039603960396
"202","OPC.3","Oligo.4",3,0.0066079295154185,0.0254237288135593
"203","OPC.3","Oligo.5",3,0.0066079295154185,0.0263157894736842
"204","OPC.3","Vasc.Endo",2,0.00440528634361234,0.0232558139534884
"205","OPC.3","Vasc.VLMC",1,0.00220264317180617,0.0128205128205128
"206","OPC.3","Excit.L2",58,0.127753303964758,0.0443086325439267
"207","OPC.3","Excit.L2_5.1",39,0.0859030837004405,0.0455075845974329
"208","OPC.3","Excit.L5.1",53,0.116740088105727,0.050332383665717
"209","OPC.3","Excit.L6b",49,0.107929515418502,0.04989816700611
"210","OPC.3","Inhib.Lamp5_Lhx6",33,0.0726872246696035,0.0476878612716763
"211","OPC.3","Inhib.Pvalb",32,0.0704845814977974,0.0426666666666667
"212","OPC.3","Inhib.Vip",30,0.066079295154185,0.0431654676258993
"213","OPC.3","Inhib.Chandelier",16,0.0352422907488987,0.0707964601769911
"214","OPC.3","Inhib.Sst",39,0.0859030837004405,0.0462085308056872
"215","OPC.4","Astro.1",4,0.00938967136150235,0.0132890365448505
"216","OPC.4","Astro.2",1,0.00234741784037559,0.00735294117647059
"217","OPC.4","Astro.3",5,0.0117370892018779,0.0221238938053097
"218","OPC.4","Astro.4",3,0.00704225352112676,0.0178571428571429
"219","OPC.4","Astro.5",1,0.00234741784037559,0.0140845070422535
"220","OPC.4","OPC.1",15,0.0352112676056338,0.0392670157068063
"221","OPC.4","OPC.2",8,0.0187793427230047,0.029520295202952
"222","OPC.4","OPC.3",18,0.0422535211267606,0.0393873085339169
"223","OPC.4","OPC.4",18,0.0422535211267606,0.0413793103448276
"224","OPC.4","Oligo.1",3,0.00704225352112676,0.0181818181818182
"225","OPC.4","Oligo.2",7,0.0164319248826291,0.0364583333333333
"226","OPC.4","Oligo.3",3,0.00704225352112676,0.0297029702970297
"227","OPC.4","Oligo.4",3,0.00704225352112676,0.0254237288135593
"228","OPC.4","Oligo.5",3,0.00704225352112676,0.0263157894736842
"229","OPC.4","Vasc.Endo",2,0.00469483568075117,0.0232558139534884
"230","OPC.4","Vasc.VLMC",1,0.00234741784037559,0.0128205128205128
"231","OPC.4","Excit.L2",55,0.129107981220657,0.0420168067226891
"232","OPC.4","Excit.L2_5.1",37,0.0868544600938967,0.0431738623103851
"233","OPC.4","Excit.L5.1",52,0.122065727699531,0.0493827160493827
"234","OPC.4","Excit.L6b",46,0.107981220657277,0.0468431771894094
"235","OPC.4","Inhib.Lamp5_Lhx6",32,0.0751173708920188,0.046242774566474
"236","OPC.4","Inhib.Pvalb",30,0.0704225352112676,0.04
"237","OPC.4","Inhib.Vip",26,0.0610328638497653,0.037410071942446
"238","OPC.4","Inhib.Chandelier",16,0.0375586854460094,0.0707964601769911
"239","OPC.4","Inhib.Sst",37,0.0868544600938967,0.0438388625592417
"240","Oligo.1","Astro.1",3,0.0138888888888889,0.00996677740863787
"241","Oligo.1","Astro.3",2,0.00925925925925926,0.00884955752212389
"242","Oligo.1","Astro.4",1,0.00462962962962963,0.00595238095238095
"243","Oligo.1","OPC.1",5,0.0231481481481481,0.0130890052356021
"244","Oligo.1","OPC.2",3,0.0138888888888889,0.011070110701107
"245","Oligo.1","OPC.3",7,0.0324074074074074,0.0153172866520788
"246","Oligo.1","OPC.4",6,0.0277777777777778,0.0137931034482759
"247","Oligo.1","Oligo.1",2,0.00925925925925926,0.0121212121212121
"248","Oligo.1","Oligo.2",3,0.0138888888888889,0.015625
"249","Oligo.1","Oligo.3",1,0.00462962962962963,0.0099009900990099
"250","Oligo.1","Oligo.4",1,0.00462962962962963,0.00847457627118644
"251","Oligo.1","Oligo.5",1,0.00462962962962963,0.0087719298245614
"252","Oligo.1","Excit.L2",35,0.162037037037037,0.0267379679144385
"253","Oligo.1","Excit.L2_5.1",20,0.0925925925925926,0.0233372228704784
"254","Oligo.1","Excit.L5.1",31,0.143518518518519,0.0294396961063628
"255","Oligo.1","Excit.L6b",29,0.134259259259259,0.0295315682281059
"256","Oligo.1","Inhib.Lamp5_Lhx6",10,0.0462962962962963,0.0144508670520231
"257","Oligo.1","Inhib.Pvalb",16,0.0740740740740741,0.0213333333333333
"258","Oligo.1","Inhib.Vip",15,0.0694444444444444,0.0215827338129496
"259","Oligo.1","Inhib.Chandelier",8,0.037037037037037,0.0353982300884956
"260","Oligo.1","Inhib.Sst",17,0.0787037037037037,0.0201421800947867
"261","Oligo.2","Astro.1",5,0.0209205020920502,0.0166112956810631
"262","Oligo.2","Astro.2",1,0.00418410041841004,0.00735294117647059
"263","Oligo.2","Astro.3",3,0.0125523012552301,0.0132743362831858
"264","Oligo.2","Astro.4",2,0.00836820083682008,0.0119047619047619
"265","Oligo.2","OPC.1",6,0.0251046025104603,0.0157068062827225
"266","Oligo.2","OPC.2",4,0.0167364016736402,0.014760147601476
"267","Oligo.2","OPC.3",9,0.0376569037656904,0.0196936542669584
"268","Oligo.2","OPC.4",9,0.0376569037656904,0.0206896551724138
"269","Oligo.2","Oligo.1",3,0.0125523012552301,0.0181818181818182
"270","Oligo.2","Oligo.2",6,0.0251046025104603,0.03125
"271","Oligo.2","Oligo.3",1,0.00418410041841004,0.0099009900990099
"272","Oligo.2","Oligo.4",2,0.00836820083682008,0.0169491525423729
"273","Oligo.2","Oligo.5",2,0.00836820083682008,0.0175438596491228
"274","Oligo.2","Vasc.Endo",1,0.00418410041841004,0.0116279069767442
"275","Oligo.2","Excit.L2",35,0.146443514644351,0.0267379679144385
"276","Oligo.2","Excit.L2_5.1",24,0.100418410041841,0.0280046674445741
"277","Oligo.2","Excit.L5.1",31,0.129707112970711,0.0294396961063628
"278","Oligo.2","Excit.L6b",29,0.121338912133891,0.0295315682281059
"279","Oligo.2","Inhib.Lamp5_Lhx6",12,0.0502092050209205,0.0173410404624277
"280","Oligo.2","Inhib.Pvalb",17,0.0711297071129707,0.0226666666666667
"281","Oligo.2","Inhib.Vip",17,0.0711297071129707,0.0244604316546763
"282","Oligo.2","Inhib.Sst",20,0.0836820083682008,0.023696682464455
"283","Oligo.3","Astro.1",1,0.0102040816326531,0.00332225913621262
"284","Oligo.3","Astro.3",1,0.0102040816326531,0.00442477876106195
"285","Oligo.3","OPC.1",2,0.0204081632653061,0.00523560209424084
"286","Oligo.3","OPC.2",1,0.0102040816326531,0.003690036900369
"287","Oligo.3","OPC.3",4,0.0408163265306122,0.0087527352297593
"288","Oligo.3","OPC.4",3,0.0306122448979592,0.00689655172413793
"289","Oligo.3","Oligo.2",1,0.0102040816326531,0.00520833333333333
"290","Oligo.3","Excit.L2",22,0.224489795918367,0.0168067226890756
"291","Oligo.3","Excit.L2_5.1",8,0.0816326530612245,0.00933488914819136
"292","Oligo.3","Excit.L5.1",12,0.122448979591837,0.0113960113960114
"293","Oligo.3","Excit.L6b",13,0.13265306122449,0.0132382892057026
"294","Oligo.3","Inhib.Lamp5_Lhx6",6,0.0612244897959184,0.00867052023121387
"295","Oligo.3","Inhib.Pvalb",6,0.0612244897959184,0.008
"296","Oligo.3","Inhib.Vip",7,0.0714285714285714,0.0100719424460432
"297","Oligo.3","Inhib.Chandelier",2,0.0204081632653061,0.00884955752212389
"298","Oligo.3","Inhib.Sst",9,0.0918367346938776,0.0106635071090047
"299","Oligo.4","Astro.1",1,0.00699300699300699,0.00332225913621262
"300","Oligo.4","Astro.3",1,0.00699300699300699,0.00442477876106195
"301","Oligo.4","OPC.1",3,0.020979020979021,0.00785340314136126
"302","Oligo.4","OPC.2",2,0.013986013986014,0.00738007380073801
"303","Oligo.4","OPC.3",4,0.027972027972028,0.0087527352297593
"304","Oligo.4","OPC.4",4,0.027972027972028,0.00919540229885057
"305","Oligo.4","Oligo.1",1,0.00699300699300699,0.00606060606060606
"306","Oligo.4","Oligo.2",1,0.00699300699300699,0.00520833333333333
"307","Oligo.4","Oligo.3",1,0.00699300699300699,0.0099009900990099
"308","Oligo.4","Oligo.4",1,0.00699300699300699,0.00847457627118644
"309","Oligo.4","Oligo.5",1,0.00699300699300699,0.0087719298245614
"310","Oligo.4","Excit.L2",28,0.195804195804196,0.0213903743315508
"311","Oligo.4","Excit.L2_5.1",12,0.0839160839160839,0.014002333722287
"312","Oligo.4","Excit.L5.1",19,0.132867132867133,0.0180436847103514
"313","Oligo.4","Excit.L6b",20,0.13986013986014,0.0203665987780041
"314","Oligo.4","Inhib.Lamp5_Lhx6",8,0.0559440559440559,0.0115606936416185
"315","Oligo.4","Inhib.Pvalb",12,0.0839160839160839,0.016
"316","Oligo.4","Inhib.Vip",10,0.0699300699300699,0.0143884892086331
"317","Oligo.4","Inhib.Chandelier",3,0.020979020979021,0.0132743362831858
"318","Oligo.4","Inhib.Sst",11,0.0769230769230769,0.0130331753554502
"319","Oligo.5","Astro.1",1,0.00769230769230769,0.00332225913621262
"320","Oligo.5","Astro.3",1,0.00769230769230769,0.00442477876106195
"321","Oligo.5","OPC.1",3,0.0230769230769231,0.00785340314136126
"322","Oligo.5","OPC.2",1,0.00769230769230769,0.003690036900369
"323","Oligo.5","OPC.3",4,0.0307692307692308,0.0087527352297593
"324","Oligo.5","OPC.4",4,0.0307692307692308,0.00919540229885057
"325","Oligo.5","Oligo.1",1,0.00769230769230769,0.00606060606060606
"326","Oligo.5","Oligo.2",1,0.00769230769230769,0.00520833333333333
"327","Oligo.5","Oligo.4",1,0.00769230769230769,0.00847457627118644
"328","Oligo.5","Excit.L2",26,0.2,0.0198624904507257
"329","Oligo.5","Excit.L2_5.1",11,0.0846153846153846,0.0128354725787631
"330","Oligo.5","Excit.L5.1",20,0.153846153846154,0.0189933523266857
"331","Oligo.5","Excit.L6b",19,0.146153846153846,0.0193482688391039
"332","Oligo.5","Inhib.Lamp5_Lhx6",6,0.0461538461538462,0.00867052023121387
"333","Oligo.5","Inhib.Pvalb",10,0.0769230769230769,0.0133333333333333
"334","Oligo.5","Inhib.Vip",8,0.0615384615384615,0.0115107913669065
"335","Oligo.5","Inhib.Chandelier",3,0.0230769230769231,0.0132743362831858
"336","Oligo.5","Inhib.Sst",10,0.0769230769230769,0.0118483412322275
"337","Vasc.Endo","OPC.3",1,0.0123456790123457,0.00218818380743982
"338","Vasc.Endo","OPC.4",1,0.0123456790123457,0.00229885057471264
"339","Vasc.Endo","Excit.L2",18,0.222222222222222,0.0137509549274255
"340","Vasc.Endo","Excit.L2_5.1",8,0.0987654320987654,0.00933488914819136
"341","Vasc.Endo","Excit.L5.1",12,0.148148148148148,0.0113960113960114
"342","Vasc.Endo","Excit.L6b",14,0.172839506172839,0.0142566191446029
"343","Vasc.Endo","Inhib.Lamp5_Lhx6",5,0.0617283950617284,0.00722543352601156
"344","Vasc.Endo","Inhib.Pvalb",8,0.0987654320987654,0.0106666666666667
"345","Vasc.Endo","Inhib.Vip",6,0.0740740740740741,0.00863309352517986
"346","Vasc.Endo","Inhib.Sst",8,0.0987654320987654,0.00947867298578199
"347","Vasc.VLMC","Astro.1",2,0.037037037037037,0.00664451827242525
"348","Vasc.VLMC","OPC.1",1,0.0185185185185185,0.00261780104712042
"349","Vasc.VLMC","OPC.3",2,0.037037037037037,0.00437636761487965
"350","Vasc.VLMC","OPC.4",2,0.037037037037037,0.00459770114942529
"351","Vasc.VLMC","Oligo.2",1,0.0185185185185185,0.00520833333333333
"352","Vasc.VLMC","Excit.L2",11,0.203703703703704,0.00840336134453781
"353","Vasc.VLMC","Excit.L2_5.1",5,0.0925925925925926,0.0058343057176196
"354","Vasc.VLMC","Excit.L6b",6,0.111111111111111,0.00610997963340122
"355","Vasc.VLMC","Inhib.Lamp5_Lhx6",9,0.166666666666667,0.0130057803468208
"356","Vasc.VLMC","Inhib.Pvalb",4,0.0740740740740741,0.00533333333333333
"357","Vasc.VLMC","Inhib.Vip",5,0.0925925925925926,0.00719424460431655
"358","Vasc.VLMC","Inhib.Sst",6,0.111111111111111,0.00710900473933649
"359","Excit.L2","Astro.1",45,0.0399290150842946,0.149501661129568
"360","Excit.L2","Astro.2",22,0.0195208518189885,0.161764705882353
"361","Excit.L2","Astro.3",35,0.031055900621118,0.154867256637168
"362","Excit.L2","Astro.4",28,0.0248447204968944,0.166666666666667
"363","Excit.L2","Astro.5",13,0.0115350488021295,0.183098591549296
"364","Excit.L2","Macro",2,0.00177462289263532,0.25
"365","Excit.L2","Micro.1",10,0.00887311446317657,0.303030303030303
"366","Excit.L2","Micro.2",7,0.0062111801242236,0.269230769230769
"367","Excit.L2","Micro.3",7,0.0062111801242236,0.466666666666667
"368","Excit.L2","Micro.4",7,0.0062111801242236,0.333333333333333
"369","Excit.L2","Micro.5",4,0.00354924578527063,0.571428571428571
"370","Excit.L2","OPC.1",45,0.0399290150842946,0.117801047120419
"371","Excit.L2","OPC.2",36,0.0319432120674357,0.132841328413284
"372","Excit.L2","OPC.3",47,0.0417036379769299,0.102844638949672
"373","Excit.L2","OPC.4",46,0.0408163265306122,0.105747126436782
"374","Excit.L2","Oligo.1",25,0.0221827861579414,0.151515151515152
"375","Excit.L2","Oligo.2",27,0.0239574090505768,0.140625
"376","Excit.L2","Oligo.3",15,0.0133096716947649,0.148514851485149
"377","Excit.L2","Oligo.4",17,0.0150842945874002,0.144067796610169
"378","Excit.L2","Oligo.5",17,0.0150842945874002,0.149122807017544
"379","Excit.L2","Vasc.Endo",16,0.0141969831410825,0.186046511627907
"380","Excit.L2","Vasc.VLMC",19,0.0168589174800355,0.243589743589744
"381","Excit.L2","Excit.L2",104,0.0922803904170364,0.079449961802903
"382","Excit.L2","Excit.L2_5.1",76,0.067435669920142,0.088681446907818
"383","Excit.L2","Excit.L5.1",85,0.0754214729370009,0.0807217473884141
"384","Excit.L2","Excit.L6b",77,0.0683229813664596,0.0784114052953157
"385","Excit.L2","Inhib.Lamp5_Lhx6",69,0.0612244897959184,0.0997109826589595
"386","Excit.L2","Inhib.Pvalb",78,0.0692102928127773,0.104
"387","Excit.L2","Inhib.Vip",67,0.059449866903283,0.0964028776978417
"388","Excit.L2","Inhib.Sst",81,0.0718722271517303,0.0959715639810427
"389","Excit.L2_5.1","Astro.1",22,0.0313837375178317,0.0730897009966777
"390","Excit.L2_5.1","Astro.2",9,0.0128388017118402,0.0661764705882353
"391","Excit.L2_5.1","Astro.3",14,0.0199714693295292,0.0619469026548673
"392","Excit.L2_5.1","Astro.4",13,0.0185449358059914,0.0773809523809524
"393","Excit.L2_5.1","Astro.5",3,0.00427960057061341,0.0422535211267606
"394","Excit.L2_5.1","Macro",1,0.0014265335235378,0.125
"395","Excit.L2_5.1","OPC.1",24,0.0342368045649073,0.06282722513089
"396","Excit.L2_5.1","OPC.2",19,0.0271041369472183,0.0701107011070111
"397","Excit.L2_5.1","OPC.3",30,0.0427960057061341,0.0656455142231947
"398","Excit.L2_5.1","OPC.4",29,0.0413694721825963,0.0666666666666667
"399","Excit.L2_5.1","Oligo.1",13,0.0185449358059914,0.0787878787878788
"400","Excit.L2_5.1","Oligo.2",13,0.0185449358059914,0.0677083333333333
"401","Excit.L2_5.1","Oligo.3",8,0.0114122681883024,0.0792079207920792
"402","Excit.L2_5.1","Oligo.4",9,0.0128388017118402,0.076271186440678
"403","Excit.L2_5.1","Oligo.5",8,0.0114122681883024,0.0701754385964912
"404","Excit.L2_5.1","Vasc.Endo",5,0.00713266761768902,0.0581395348837209
"405","Excit.L2_5.1","Vasc.VLMC",5,0.00713266761768902,0.0641025641025641
"406","Excit.L2_5.1","Excit.L2",73,0.10413694721826,0.0557677616501146
"407","Excit.L2_5.1","Excit.L2_5.1",55,0.0784593437945792,0.0641773628938156
"408","Excit.L2_5.1","Excit.L5.1",65,0.0927246790299572,0.0617283950617284
"409","Excit.L2_5.1","Excit.L6b",59,0.0841654778887304,0.060081466395112
"410","Excit.L2_5.1","Inhib.Lamp5_Lhx6",44,0.0627674750356633,0.0635838150289017
"411","Excit.L2_5.1","Inhib.Pvalb",56,0.079885877318117,0.0746666666666667
"412","Excit.L2_5.1","Inhib.Vip",44,0.0627674750356633,0.0633093525179856
"413","Excit.L2_5.1","Inhib.Chandelier",25,0.0356633380884451,0.110619469026549
"414","Excit.L2_5.1","Inhib.Sst",55,0.0784593437945792,0.0651658767772512
"415","Excit.L5.1","Astro.1",39,0.0426229508196721,0.129568106312292
"416","Excit.L5.1","Astro.2",17,0.0185792349726776,0.125
"417","Excit.L5.1","Astro.3",29,0.0316939890710383,0.128318584070796
"418","Excit.L5.1","Astro.4",23,0.0251366120218579,0.136904761904762
"419","Excit.L5.1","Astro.5",10,0.0109289617486339,0.140845070422535
"420","Excit.L5.1","Micro.1",5,0.00546448087431694,0.151515151515152
"421","Excit.L5.1","Micro.2",4,0.00437158469945355,0.153846153846154
"422","Excit.L5.1","OPC.1",41,0.0448087431693989,0.107329842931937
"423","Excit.L5.1","OPC.2",31,0.033879781420765,0.114391143911439
"424","Excit.L5.1","OPC.3",43,0.0469945355191257,0.0940919037199125
"425","Excit.L5.1","OPC.4",42,0.0459016393442623,0.096551724137931
"426","Excit.L5.1","Oligo.1",16,0.0174863387978142,0.096969696969697
"427","Excit.L5.1","Oligo.2",18,0.019672131147541,0.09375
"428","Excit.L5.1","Oligo.3",10,0.0109289617486339,0.099009900990099
"429","Excit.L5.1","Oligo.4",12,0.0131147540983607,0.101694915254237
"430","Excit.L5.1","Oligo.5",12,0.0131147540983607,0.105263157894737
"431","Excit.L5.1","Vasc.Endo",9,0.00983606557377049,0.104651162790698
"432","Excit.L5.1","Excit.L2",89,0.0972677595628415,0.067990832696715
"433","Excit.L5.1","Excit.L2_5.1",68,0.0743169398907104,0.0793465577596266
"434","Excit.L5.1","Excit.L5.1",90,0.0983606557377049,0.0854700854700855
"435","Excit.L5.1","Excit.L6b",57,0.0622950819672131,0.0580448065173116
"436","Excit.L5.1","Inhib.Lamp5_Lhx6",57,0.0622950819672131,0.0823699421965318
"437","Excit.L5.1","Inhib.Pvalb",66,0.0721311475409836,0.088
"438","Excit.L5.1","Inhib.Vip",63,0.0688524590163934,0.0906474820143885
"439","Excit.L5.1","Inhib.Sst",64,0.0699453551912568,0.0758293838862559
"440","Excit.L6b","Astro.1",41,0.0421810699588477,0.136212624584718
"441","Excit.L6b","Astro.2",21,0.0216049382716049,0.154411764705882
"442","Excit.L6b","Astro.3",29,0.0298353909465021,0.128318584070796
"443","Excit.L6b","Astro.4",25,0.0257201646090535,0.148809523809524
"444","Excit.L6b","Astro.5",13,0.0133744855967078,0.183098591549296
"445","Excit.L6b","Macro",1,0.00102880658436214,0.125
"446","Excit.L6b","Micro.1",8,0.00823045267489712,0.242424242424242
"447","Excit.L6b","Micro.2",6,0.00617283950617284,0.230769230769231
"448","Excit.L6b","Micro.3",1,0.00102880658436214,0.0666666666666667
"449","Excit.L6b","Micro.4",5,0.0051440329218107,0.238095238095238
"450","Excit.L6b","OPC.1",39,0.0401234567901235,0.102094240837696
"451","Excit.L6b","OPC.2",33,0.0339506172839506,0.121771217712177
"452","Excit.L6b","OPC.3",46,0.0473251028806584,0.100656455142232
"453","Excit.L6b","OPC.4",42,0.0432098765432099,0.096551724137931
"454","Excit.L6b","Oligo.1",20,0.0205761316872428,0.121212121212121
"455","Excit.L6b","Oligo.2",23,0.0236625514403292,0.119791666666667
"456","Excit.L6b","Oligo.3",13,0.0133744855967078,0.128712871287129
"457","Excit.L6b","Oligo.4",15,0.0154320987654321,0.127118644067797
"458","Excit.L6b","Oligo.5",15,0.0154320987654321,0.131578947368421
"459","Excit.L6b","Vasc.Endo",14,0.01440329218107,0.162790697674419
"460","Excit.L6b","Vasc.VLMC",10,0.0102880658436214,0.128205128205128
"461","Excit.L6b","Excit.L2",91,0.0936213991769547,0.0695187165775401
"462","Excit.L6b","Excit.L2_5.1",70,0.0720164609053498,0.0816802800466744
"463","Excit.L6b","Excit.L5.1",56,0.0576131687242798,0.0531813865147198
"464","Excit.L6b","Excit.L6b",79,0.0812757201646091,0.0804480651731161
"465","Excit.L6b","Inhib.Lamp5_Lhx6",62,0.0637860082304527,0.0895953757225433
"466","Excit.L6b","Inhib.Pvalb",63,0.0648148148148148,0.084
"467","Excit.L6b","Inhib.Vip",64,0.065843621399177,0.0920863309352518
"468","Excit.L6b","Inhib.Sst",67,0.0689300411522634,0.0793838862559242
"469","Inhib.Lamp5_Lhx6","Astro.1",32,0.0338624338624339,0.106312292358804
"470","Inhib.Lamp5_Lhx6","Astro.2",20,0.0211640211640212,0.147058823529412
"471","Inhib.Lamp5_Lhx6","Astro.3",25,0.0264550264550265,0.110619469026549
"472","Inhib.Lamp5_Lhx6","Astro.4",23,0.0243386243386243,0.136904761904762
"473","Inhib.Lamp5_Lhx6","Astro.5",9,0.00952380952380952,0.126760563380282
"474","Inhib.Lamp5_Lhx6","Macro",1,0.00105820105820106,0.125
"475","Inhib.Lamp5_Lhx6","Micro.1",2,0.00211640211640212,0.0606060606060606
"476","Inhib.Lamp5_Lhx6","Micro.2",2,0.00211640211640212,0.0769230769230769
"477","Inhib.Lamp5_Lhx6","Micro.3",2,0.00211640211640212,0.133333333333333
"478","Inhib.Lamp5_Lhx6","Micro.4",2,0.00211640211640212,0.0952380952380952
"479","Inhib.Lamp5_Lhx6","Micro.5",2,0.00211640211640212,0.285714285714286
"480","Inhib.Lamp5_Lhx6","OPC.1",37,0.0391534391534392,0.0968586387434555
"481","Inhib.Lamp5_Lhx6","OPC.2",28,0.0296296296296296,0.103321033210332
"482","Inhib.Lamp5_Lhx6","OPC.3",40,0.0423280423280423,0.087527352297593
"483","Inhib.Lamp5_Lhx6","OPC.4",40,0.0423280423280423,0.0919540229885057
"484","Inhib.Lamp5_Lhx6","Oligo.1",15,0.0158730158730159,0.0909090909090909
"485","Inhib.Lamp5_Lhx6","Oligo.2",17,0.017989417989418,0.0885416666666667
"486","Inhib.Lamp5_Lhx6","Oligo.3",11,0.0116402116402116,0.108910891089109
"487","Inhib.Lamp5_Lhx6","Oligo.4",12,0.0126984126984127,0.101694915254237
"488","Inhib.Lamp5_Lhx6","Oligo.5",11,0.0116402116402116,0.0964912280701754
"489","Inhib.Lamp5_Lhx6","Vasc.Endo",9,0.00952380952380952,0.104651162790698
"490","Inhib.Lamp5_Lhx6","Vasc.VLMC",14,0.0148148148148148,0.179487179487179
"491","Inhib.Lamp5_Lhx6","Excit.L2",93,0.0984126984126984,0.0710466004583652
"492","Inhib.Lamp5_Lhx6","Excit.L2_5.1",70,0.0740740740740741,0.0816802800466744
"493","Inhib.Lamp5_Lhx6","Excit.L5.1",77,0.0814814814814815,0.0731244064577398
"494","Inhib.Lamp5_Lhx6","Excit.L6b",71,0.0751322751322751,0.0723014256619145
"495","Inhib.Lamp5_Lhx6","Inhib.Lamp5_Lhx6",54,0.0571428571428571,0.0780346820809249
"496","Inhib.Lamp5_Lhx6","Inhib.Pvalb",63,0.0666666666666667,0.084
"497","Inhib.Lamp5_Lhx6","Inhib.Vip",57,0.0603174603174603,0.0820143884892086
"498","Inhib.Lamp5_Lhx6","Inhib.Chandelier",35,0.037037037037037,0.154867256637168
"499","Inhib.Lamp5_Lhx6","Inhib.Sst",71,0.0751322751322751,0.0841232227488152
"500","Inhib.Pvalb","Astro.1",28,0.031927023945268,0.0930232558139535
"501","Inhib.Pvalb","Astro.2",15,0.0171037628278221,0.110294117647059
"502","Inhib.Pvalb","Astro.3",24,0.0273660205245154,0.106194690265487
"503","Inhib.Pvalb","Astro.4",19,0.0216647662485747,0.113095238095238
"504","Inhib.Pvalb","Astro.5",11,0.0125427594070696,0.154929577464789
"505","Inhib.Pvalb","Macro",2,0.00228050171037628,0.25
"506","Inhib.Pvalb","Micro.1",5,0.00570125427594071,0.151515151515152
"507","Inhib.Pvalb","Micro.2",4,0.00456100342075257,0.153846153846154
"508","Inhib.Pvalb","Micro.3",4,0.00456100342075257,0.266666666666667
"509","Inhib.Pvalb","Micro.4",5,0.00570125427594071,0.238095238095238
"510","Inhib.Pvalb","Micro.5",1,0.00114025085518814,0.142857142857143
"511","Inhib.Pvalb","OPC.1",33,0.0376282782212087,0.0863874345549738
"512","Inhib.Pvalb","OPC.2",24,0.0273660205245154,0.0885608856088561
"513","Inhib.Pvalb","OPC.3",35,0.0399087799315849,0.0765864332603939
"514","Inhib.Pvalb","OPC.4",34,0.0387685290763968,0.0781609195402299
"515","Inhib.Pvalb","Oligo.1",17,0.0193842645381984,0.103030303030303
"516","Inhib.Pvalb","Oligo.2",19,0.0216647662485747,0.0989583333333333
"517","Inhib.Pvalb","Oligo.3",11,0.0125427594070696,0.108910891089109
"518","Inhib.Pvalb","Oligo.4",15,0.0171037628278221,0.127118644067797
"519","Inhib.Pvalb","Oligo.5",15,0.0171037628278221,0.131578947368421
"520","Inhib.Pvalb","Vasc.Endo",12,0.0136830102622577,0.13953488372093
"521","Inhib.Pvalb","Vasc.VLMC",12,0.0136830102622577,0.153846153846154
"522","Inhib.Pvalb","Excit.L2",92,0.104903078677309,0.0702826585179526
"523","Inhib.Pvalb","Excit.L2_5.1",62,0.0706955530216648,0.0723453908984831
"524","Inhib.Pvalb","Excit.L5.1",73,0.0832383124287343,0.0693257359924027
"525","Inhib.Pvalb","Excit.L6b",66,0.0752565564424173,0.0672097759674134
"526","Inhib.Pvalb","Inhib.Lamp5_Lhx6",55,0.0627137970353478,0.0794797687861272
"527","Inhib.Pvalb","Inhib.Pvalb",63,0.0718358038768529,0.084
"528","Inhib.Pvalb","Inhib.Vip",54,0.0615735461801596,0.0776978417266187
"529","Inhib.Pvalb","Inhib.Sst",67,0.0763968072976055,0.0793838862559242
"530","Inhib.Vip","Astro.1",17,0.0254491017964072,0.0564784053156146
"531","Inhib.Vip","Astro.2",5,0.00748502994011976,0.0367647058823529
"532","Inhib.Vip","Astro.3",11,0.0164670658682635,0.0486725663716814
"533","Inhib.Vip","Astro.4",8,0.0119760479041916,0.0476190476190476
"534","Inhib.Vip","Astro.5",2,0.0029940119760479,0.028169014084507
"535","Inhib.Vip","Micro.2",1,0.00149700598802395,0.0384615384615385
"536","Inhib.Vip","OPC.1",23,0.0344311377245509,0.0602094240837696
"537","Inhib.Vip","OPC.2",16,0.0239520958083832,0.0590405904059041
"538","Inhib.Vip","OPC.3",29,0.0434131736526946,0.0634573304157549
"539","Inhib.Vip","OPC.4",28,0.0419161676646707,0.064367816091954
"540","Inhib.Vip","Oligo.1",9,0.0134730538922156,0.0545454545454545
"541","Inhib.Vip","Oligo.2",14,0.0209580838323353,0.0729166666666667
"542","Inhib.Vip","Oligo.3",6,0.00898203592814371,0.0594059405940594
"543","Inhib.Vip","Oligo.4",6,0.00898203592814371,0.0508474576271186
"544","Inhib.Vip","Oligo.5",6,0.00898203592814371,0.0526315789473684
"545","Inhib.Vip","Vasc.Endo",6,0.00898203592814371,0.0697674418604651
"546","Inhib.Vip","Vasc.VLMC",4,0.00598802395209581,0.0512820512820513
"547","Inhib.Vip","Excit.L2",78,0.116766467065868,0.0595874713521772
"548","Inhib.Vip","Excit.L2_5.1",55,0.0823353293413174,0.0641773628938156
"549","Inhib.Vip","Excit.L5.1",67,0.100299401197605,0.063627730294397
"550","Inhib.Vip","Excit.L6b",62,0.092814371257485,0.0631364562118126
"551","Inhib.Vip","Inhib.Lamp5_Lhx6",41,0.061377245508982,0.0592485549132948
"552","Inhib.Vip","Inhib.Pvalb",53,0.0793413173652695,0.0706666666666667
"553","Inhib.Vip","Inhib.Vip",42,0.062874251497006,0.060431654676259
"554","Inhib.Vip","Inhib.Chandelier",23,0.0344311377245509,0.101769911504425
"555","Inhib.Vip","Inhib.Sst",56,0.0838323353293413,0.0663507109004739
"556","Inhib.Chandelier","Astro.1",16,0.0547945205479452,0.053156146179402
"557","Inhib.Chandelier","Astro.2",8,0.0273972602739726,0.0588235294117647
"558","Inhib.Chandelier","Astro.3",9,0.0308219178082192,0.0398230088495575
"559","Inhib.Chandelier","OPC.1",22,0.0753424657534247,0.0575916230366492
"560","Inhib.Chandelier","OPC.2",14,0.0479452054794521,0.0516605166051661
"561","Inhib.Chandelier","OPC.3",23,0.0787671232876712,0.050328227571116
"562","Inhib.Chandelier","OPC.4",23,0.0787671232876712,0.0528735632183908
"563","Inhib.Chandelier","Oligo.1",11,0.0376712328767123,0.0666666666666667
"564","Inhib.Chandelier","Oligo.3",2,0.00684931506849315,0.0198019801980198
"565","Inhib.Chandelier","Oligo.4",4,0.0136986301369863,0.0338983050847458
"566","Inhib.Chandelier","Oligo.5",4,0.0136986301369863,0.0350877192982456
"567","Inhib.Chandelier","Excit.L2_5.1",36,0.123287671232877,0.0420070011668611
"568","Inhib.Chandelier","Inhib.Lamp5_Lhx6",33,0.113013698630137,0.0476878612716763
"569","Inhib.Chandelier","Inhib.Vip",28,0.0958904109589041,0.0402877697841727
"570","Inhib.Chandelier","Inhib.Chandelier",25,0.0856164383561644,0.110619469026549
"571","Inhib.Chandelier","Inhib.Sst",34,0.116438356164384,0.0402843601895735
"572","Inhib.Sst","Astro.1",26,0.0317073170731707,0.0863787375415282
"573","Inhib.Sst","Astro.2",11,0.0134146341463415,0.0808823529411765
"574","Inhib.Sst","Astro.3",20,0.024390243902439,0.0884955752212389
"575","Inhib.Sst","Astro.4",16,0.0195121951219512,0.0952380952380952
"576","Inhib.Sst","Astro.5",7,0.00853658536585366,0.0985915492957746
"577","Inhib.Sst","Macro",1,0.00121951219512195,0.125
"578","Inhib.Sst","Micro.1",3,0.00365853658536585,0.0909090909090909
"579","Inhib.Sst","Micro.2",2,0.0024390243902439,0.0769230769230769
"580","Inhib.Sst","Micro.3",1,0.00121951219512195,0.0666666666666667
"581","Inhib.Sst","Micro.4",2,0.0024390243902439,0.0952380952380952
"582","Inhib.Sst","OPC.1",29,0.0353658536585366,0.0759162303664921
"583","Inhib.Sst","OPC.2",21,0.025609756097561,0.0774907749077491
"584","Inhib.Sst","OPC.3",32,0.0390243902439024,0.0700218818380744
"585","Inhib.Sst","OPC.4",31,0.0378048780487805,0.071264367816092
"586","Inhib.Sst","Oligo.1",13,0.0158536585365854,0.0787878787878788
"587","Inhib.Sst","Oligo.2",16,0.0195121951219512,0.0833333333333333
"588","Inhib.Sst","Oligo.3",10,0.0121951219512195,0.099009900990099
"589","Inhib.Sst","Oligo.4",11,0.0134146341463415,0.0932203389830508
"590","Inhib.Sst","Oligo.5",11,0.0134146341463415,0.0964912280701754
"591","Inhib.Sst","Vasc.Endo",8,0.00975609756097561,0.0930232558139535
"592","Inhib.Sst","Vasc.VLMC",8,0.00975609756097561,0.102564102564103
"593","Inhib.Sst","Excit.L2",89,0.108536585365854,0.067990832696715
"594","Inhib.Sst","Excit.L2_5.1",60,0.0731707317073171,0.0700116686114352
"595","Inhib.Sst","Excit.L5.1",74,0.0902439024390244,0.0702754036087369
"596","Inhib.Sst","Excit.L6b",65,0.0792682926829268,0.0661914460285132
"597","Inhib.Sst","Inhib.Lamp5_Lhx6",48,0.0585365853658537,0.069364161849711
"598","Inhib.Sst","Inhib.Pvalb",61,0.074390243902439,0.0813333333333333
"599","Inhib.Sst","Inhib.Vip",50,0.0609756097560976,0.0719424460431655
"600","Inhib.Sst","Inhib.Chandelier",28,0.0341463414634146,0.123893805309735
"601","Inhib.Sst","Inhib.Sst",66,0.0804878048780488,0.0781990521327014
