BrNum,Geneotype,Age,Sex,Ancestry,Diagnosis,RIN PFC,APOE,Notes,visium_note,redisscet,Visium
Br1039,E4 AA,51.45,F,AA,Control,8.6,"E4, E4",NA,NA,FALSE,TRUE
Br1092,E4 CAUC,48.95,M,CAUC,Control,8.8,"E4, E4","mostly passed in QC2, stopped at QC2 decided to use for snRNA-seq only",NA,FALSE,FALSE
Br1556,E2 AA,29.95,F,AA,Control,9.3,"E2, E2",NA,NA,FALSE,TRUE
Br1691,E4 AA,46.53,F,AA,Control,8.5,"E4, E4",NA,NA,FALSE,TRUE
Br1706,E4 CAUC,50.08,M,CAUC,Control,8.2,"E4, E4",NA,NA,FALSE,TRUE
Br2582,E2 CAUC,41.44,M,CAUC,Control,7.3,"E2, E2",NA,NA,FALSE,TRUE
Br5212,E2 E3 CAUC,51.63,M,CAUC,Control,8.5,"E2, E3",NA,NA,FALSE,TRUE
Br5276,E3 E4 CAUC,59.86,M,CAUC,Control,7.4,"E3, E4",NA,NA,FALSE,TRUE
Br2305,E4 AA,54.88,F,AA,Control,8,"E4, E4",NA,NA,TRUE,TRUE
Br3974,E3 E4 AA,62.7,M,AA,Control,7.2,"E3, E4",NA,NA,TRUE,TRUE
Br5415,E2 E3 AA,60.83,M,AA,Control,8.7,"E2, E3",NA,NA,FALSE,TRUE
Br5426,E2 E3 AA,48.75,F,AA,Control,9.2,"E2, E3",NA,NA,FALSE,TRUE
Br5460,E3 E4 AA,61.34,M,AA,Control,8.5,"E3, E4",NA,NA,FALSE,TRUE
Br5517,E3 E4 CAUC,63.98,M,CAUC,Control,9.4,"E3, E4",NA,NA,FALSE,TRUE
Br5367,E2 E3 AA,31.31,F,CAUC,Control,6.6,"E2, E3",NA,NA,FALSE,TRUE
Br5599,E3 E4 CAUC,55.88,M,CAUC,Control,8.5,"E3, E4",NA,NA,FALSE,TRUE
Br5634,E2 E3 CAUC,51.11,M,CAUC,Control,8.6,"E2, E3",NA,NA,FALSE,TRUE
Br5712,E2 E2 CAUC,67.75,M,CAUC,Control,6.8,"E2, E2",NA,NA,FALSE,TRUE
Br5854,E2 E3 AA,68.38,M,AA,Control,9,"E2, E3",NA,NA,FALSE,TRUE
Br5941,E4 E4 AA,42.19,M,AA,Control,9,"E4, E4",NA,NA,FALSE,TRUE
Br6085,E3 E4 AA,59.98,M,AA,Control,9.3,"E3, E4",NA,NA,FALSE,TRUE
Br6098,E3 E4 AA,50.2,M,AA,Control,8.3,"E3, E4",NA,NA,FALSE,TRUE
Br6119,E3 E4 AA,48.59,M,AA,Control,7,"E3, E4","Decided to drop this after QC3, don't see any morphology",No visium on this donor,FALSE,FALSE
Br6161,E2 E2 CAUC,43.67,M,CAUC,Control,5.2,"E2, E2",NA,NA,FALSE,TRUE
Br6222,E3 E4 CAUC,60.56,M,CAUC,Control,7.8,"E3, E4",Stopped after QC4 as the block is too skinny also don't see the layers,No visium on this donor,FALSE,FALSE
Br6263,E3 E4 AA,50.73,F,AA,Control,7,"E3, E4",NA,NA,FALSE,TRUE
Br6297,E2 E3 CAUC,36.67,F,CAUC,Control,7.5,"E2, E3","Decided to drop after QC2, don't see any morphology",No visium on this donor,FALSE,FALSE
Br6321,E3 E3 CAUC,57.1,M,CAUC,Control,7.7,"E3, E4",NA,NA,FALSE,TRUE
Br6423,E2 E3 CAUC,51.73,M,CAUC,Control,7.1,"E2, E3",NA,NA,FALSE,TRUE
Br6476,E3 E4 AA,42.39,F,AA,Control,7.1,"E3, E4",NA,NA,TRUE,TRUE
Br6538,E2 E3 CAUC,60.84,M,CAUC,Control,7.4,"E2, E3",NA,NA,FALSE,TRUE
Br1289,E4 E4 AA,58.19,M,AA,Control,8.7,"E4, E4",NA,NA,FALSE,TRUE
Br5161,E4 E4 CAUC,54.43,M,CAUC,Control,8.5,"E4, E4",NA,NA,FALSE,TRUE
Br5832,E2 E2 AA,45.3,M,AA,Control,NA,"E2, E2","Stopped at QC4, don't see the layers in correct order",Performed visium but doubtful,FALSE,FALSE
Br5529,E2 E2 AA,48.69,F,AA,Control,5.2,"E2, E2",NA,NA,TRUE,TRUE
