metric,name,value,form,vSpD
Min.,APOE_carrier,0,carrier,vL2
Min.,round,0,carrier,vL2
Min.,Sex,0,carrier,vL2
Min.,Visium_slide,0,carrier,vL2
Min.,Anc_Afr,1.5753831780503077e-10,carrier,vL2
Min.,Age,1.2752365181570686e-11,carrier,vL2
Min.,Rin,7.156651065729691e-12,carrier,vL2
Min.,pseudo_expr_chrM_ratio,1.1636650626147641e-9,carrier,vL2
Min.,nspots,4.36829444683234e-14,carrier,vL2
Min.,Residuals,0.07754988710414348,carrier,vL2
1st Qu.,APOE_carrier,0,carrier,vL2
1st Qu.,round,0,carrier,vL2
1st Qu.,Sex,0,carrier,vL2
1st Qu.,Visium_slide,0,carrier,vL2
1st Qu.,Anc_Afr,0.003625350653440186,carrier,vL2
1st Qu.,Age,0.004515781888598586,carrier,vL2
1st Qu.,Rin,0.005441137703454778,carrier,vL2
1st Qu.,pseudo_expr_chrM_ratio,0.009612567139784079,carrier,vL2
1st Qu.,nspots,0.004354011224198819,carrier,vL2
1st Qu.,Residuals,0.46684946025553714,carrier,vL2
Median,APOE_carrier,0,carrier,vL2
Median,round,0,carrier,vL2
Median,Sex,0,carrier,vL2
Median,Visium_slide,1.8396891202379037e-13,carrier,vL2
Median,Anc_Afr,0.01591374827506347,carrier,vL2
Median,Age,0.019103145974991548,carrier,vL2
Median,Rin,0.021694547156877863,carrier,vL2
Median,pseudo_expr_chrM_ratio,0.059076496246811806,carrier,vL2
Median,nspots,0.020686657026271357,carrier,vL2
Median,Residuals,0.644136221758617,carrier,vL2
Mean,APOE_carrier,0.00871485688475467,carrier,vL2
Mean,round,0.00978456818257384,carrier,vL2
Mean,Sex,0.009519499453320378,carrier,vL2
Mean,Visium_slide,0.05709318161472343,carrier,vL2
Mean,Anc_Afr,0.029497681376038188,carrier,vL2
Mean,Age,0.03874142564551573,carrier,vL2
Mean,Rin,0.04279924350700539,carrier,vL2
Mean,pseudo_expr_chrM_ratio,0.13586164456248362,carrier,vL2
Mean,nspots,0.04886127881148997,carrier,vL2
Mean,Residuals,0.6191266199620948,carrier,vL2
3rd Qu.,APOE_carrier,1.1007083513740189e-13,carrier,vL2
3rd Qu.,round,7.360211203936396e-12,carrier,vL2
3rd Qu.,Sex,0,carrier,vL2
3rd Qu.,Visium_slide,0.0952786734763786,carrier,vL2
3rd Qu.,Anc_Afr,0.0424153330831689,carrier,vL2
3rd Qu.,Age,0.05252945672657336,carrier,vL2
3rd Qu.,Rin,0.059823255299962304,carrier,vL2
3rd Qu.,pseudo_expr_chrM_ratio,0.21876389117546266,carrier,vL2
3rd Qu.,nspots,0.06296726863098119,carrier,vL2
3rd Qu.,Residuals,0.7871517170821047,carrier,vL2
Max.,APOE_carrier,0.31041543103955976,carrier,vL2
Max.,round,0.5116617434552928,carrier,vL2
Max.,Sex,0.8905659198506021,carrier,vL2
Max.,Visium_slide,0.7625102047838789,carrier,vL2
Max.,Anc_Afr,0.6149686919728526,carrier,vL2
Max.,Age,0.48629922638029627,carrier,vL2
Max.,Rin,0.5184684630765689,carrier,vL2
Max.,pseudo_expr_chrM_ratio,0.8493119814277461,carrier,vL2
Max.,nspots,0.7029652793846628,carrier,vL2
Max.,Residuals,0.9949843546670984,carrier,vL2
Min.,APOE,0,apoe,vL2
Min.,round,0,apoe,vL2
Min.,Sex,0,apoe,vL2
Min.,Visium_slide,0,apoe,vL2
Min.,Anc_Afr,5.594717448915368e-10,apoe,vL2
Min.,Age,1.2752365181570686e-11,apoe,vL2
Min.,Rin,7.157658002645638e-12,apoe,vL2
Min.,pseudo_expr_chrM_ratio,3.586384615314499e-10,apoe,vL2
Min.,nspots,4.36829444683234e-14,apoe,vL2
Min.,Residuals,0.04635829696164047,apoe,vL2
1st Qu.,APOE,0,apoe,vL2
1st Qu.,round,0,apoe,vL2
1st Qu.,Sex,0,apoe,vL2
1st Qu.,Visium_slide,0,apoe,vL2
1st Qu.,Anc_Afr,0.0038997655894572134,apoe,vL2
1st Qu.,Age,0.004129551971574721,apoe,vL2
1st Qu.,Rin,0.0051828521228205375,apoe,vL2
1st Qu.,pseudo_expr_chrM_ratio,0.009361563063255038,apoe,vL2
1st Qu.,nspots,0.005771269113453773,apoe,vL2
1st Qu.,Residuals,0.4007401743350714,apoe,vL2
Median,APOE,6.092838341036463e-14,apoe,vL2
Median,round,0,apoe,vL2
Median,Sex,0,apoe,vL2
Median,Visium_slide,3.114658676607673e-11,apoe,vL2
Median,Anc_Afr,0.016581311594307403,apoe,vL2
Median,Age,0.017779360253974627,apoe,vL2
Median,Rin,0.02087948032113367,apoe,vL2
Median,pseudo_expr_chrM_ratio,0.05855468615736279,apoe,vL2
Median,nspots,0.023803778350181385,apoe,vL2
Median,Residuals,0.5986530341667238,apoe,vL2
Mean,APOE,0.039612441294103885,apoe,vL2
Mean,round,0.010866808602549589,apoe,vL2
Mean,Sex,0.012425799960763347,apoe,vL2
Mean,Visium_slide,0.06226625924191016,apoe,vL2
Mean,Anc_Afr,0.029705172689918243,apoe,vL2
Mean,Age,0.03904676917267935,apoe,vL2
Mean,Rin,0.040737756213082836,apoe,vL2
Mean,pseudo_expr_chrM_ratio,0.13477818109482695,apoe,vL2
Mean,nspots,0.051115310234511435,apoe,vL2
Mean,Residuals,0.5794455014956542,apoe,vL2
3rd Qu.,APOE,0.052150227273695664,apoe,vL2
3rd Qu.,round,9.510914318985765e-12,apoe,vL2
3rd Qu.,Sex,0,apoe,vL2
3rd Qu.,Visium_slide,0.10734484848784259,apoe,vL2
3rd Qu.,Anc_Afr,0.041233182564964346,apoe,vL2
3rd Qu.,Age,0.05360835973727194,apoe,vL2
3rd Qu.,Rin,0.056025679683421044,apoe,vL2
3rd Qu.,pseudo_expr_chrM_ratio,0.21448541624002293,apoe,vL2
3rd Qu.,nspots,0.0674753212140651,apoe,vL2
3rd Qu.,Residuals,0.7691230573768741,apoe,vL2
Max.,APOE,0.5869268600758183,apoe,vL2
Max.,round,0.5116718493935997,apoe,vL2
Max.,Sex,0.8864033680330728,apoe,vL2
Max.,Visium_slide,0.7625313143610755,apoe,vL2
Max.,Anc_Afr,0.6149687693200494,apoe,vL2
Max.,Age,0.432400322423039,apoe,vL2
Max.,Rin,0.5184684630765689,apoe,vL2
Max.,pseudo_expr_chrM_ratio,0.8493119856576296,apoe,vL2
Max.,nspots,0.7029652793846628,apoe,vL2
Max.,Residuals,0.9949843546670984,apoe,vL2
Min.,APOE_E4E4,0,e4e4,vL2
Min.,round,0,e4e4,vL2
Min.,Sex,0,e4e4,vL2
Min.,Visium_slide,0,e4e4,vL2
Min.,Anc_Afr,1.5753831800749579e-10,e4e4,vL2
Min.,Age,3.534619413540498e-13,e4e4,vL2
Min.,Rin,6.890582741183707e-11,e4e4,vL2
Min.,pseudo_expr_chrM_ratio,1.1636650626147641e-9,e4e4,vL2
Min.,nspots,4.368294593775112e-14,e4e4,vL2
Min.,Residuals,0.08610508750814122,e4e4,vL2
1st Qu.,APOE_E4E4,0,e4e4,vL2
1st Qu.,round,0,e4e4,vL2
1st Qu.,Sex,0,e4e4,vL2
1st Qu.,Visium_slide,3.426054885650494e-20,e4e4,vL2
1st Qu.,Anc_Afr,0.0035831076684482003,e4e4,vL2
1st Qu.,Age,0.00401158436023436,e4e4,vL2
1st Qu.,Rin,0.005302379098987551,e4e4,vL2
1st Qu.,pseudo_expr_chrM_ratio,0.009527161216932891,e4e4,vL2
1st Qu.,nspots,0.004337048337460547,e4e4,vL2
1st Qu.,Residuals,0.5443999501414679,e4e4,vL2
Median,APOE_E4E4,0,e4e4,vL2
Median,round,0,e4e4,vL2
Median,Sex,0,e4e4,vL2
Median,Visium_slide,2.0643843004404492e-12,e4e4,vL2
Median,Anc_Afr,0.015714041870641786,e4e4,vL2
Median,Age,0.016371954065470873,e4e4,vL2
Median,Rin,0.020953511288049235,e4e4,vL2
Median,pseudo_expr_chrM_ratio,0.058057654071105316,e4e4,vL2
Median,nspots,0.020613991522970138,e4e4,vL2
Median,Residuals,0.7005005388172357,e4e4,vL2
Mean,APOE_E4E4,0.009707349520569935,e4e4,vL2
Mean,round,0.012421775163027969,e4e4,vL2
Mean,Sex,0.013040362517883024,e4e4,vL2
Mean,Visium_slide,0.0012805553667322384,e4e4,vL2
Mean,Anc_Afr,0.028839280892771442,e4e4,vL2
Mean,Age,0.03556589905144582,e4e4,vL2
Mean,Rin,0.042760674751960145,e4e4,vL2
Mean,pseudo_expr_chrM_ratio,0.13291941962356235,e4e4,vL2
Mean,nspots,0.04861213187198678,e4e4,vL2
Mean,Residuals,0.6748525512400603,e4e4,vL2
3rd Qu.,APOE_E4E4,0,e4e4,vL2
3rd Qu.,round,0,e4e4,vL2
3rd Qu.,Sex,0,e4e4,vL2
3rd Qu.,Visium_slide,2.0044133373542402e-10,e4e4,vL2
3rd Qu.,Anc_Afr,0.040574190652177974,e4e4,vL2
3rd Qu.,Age,0.04917921001985977,e4e4,vL2
3rd Qu.,Rin,0.05979803518841001,e4e4,vL2
3rd Qu.,pseudo_expr_chrM_ratio,0.20984804431160153,e4e4,vL2
3rd Qu.,nspots,0.0628750027895754,e4e4,vL2
3rd Qu.,Residuals,0.8199877160297041,e4e4,vL2
Max.,APOE_E4E4,0.6817889770065193,e4e4,vL2
Max.,round,0.5183557121839496,e4e4,vL2
Max.,Sex,0.8645993090067023,e4e4,vL2
Max.,Visium_slide,0.5712452929769084,e4e4,vL2
Max.,Anc_Afr,0.614965793753267,e4e4,vL2
Max.,Age,0.46496765061158535,e4e4,vL2
Max.,Rin,0.5184684630765689,e4e4,vL2
Max.,pseudo_expr_chrM_ratio,0.8628049354867868,e4e4,vL2
Max.,nspots,0.7029652793846628,e4e4,vL2
Max.,Residuals,0.9949843546670984,e4e4,vL2
Min.,APOE_carrier,0,carrier_i,vL2
Min.,APOE_carrier.Anc_Afr,3.8501756515534463e-19,carrier_i,vL2
Min.,round,0,carrier_i,vL2
Min.,Sex,0,carrier_i,vL2
Min.,Visium_slide,0,carrier_i,vL2
Min.,Anc_Afr,7.640319296370959e-11,carrier_i,vL2
Min.,Age,1.2752787353733747e-11,carrier_i,vL2
Min.,Rin,4.430545809497012e-12,carrier_i,vL2
Min.,pseudo_expr_chrM_ratio,1.077546201380111e-9,carrier_i,vL2
Min.,nspots,4.3650951773983255e-14,carrier_i,vL2
Min.,Residuals,0.06410798556422193,carrier_i,vL2
1st Qu.,APOE_carrier,5.2297544647391576e-11,carrier_i,vL2
1st Qu.,APOE_carrier.Anc_Afr,2.0723348139756164e-10,carrier_i,vL2
1st Qu.,round,0,carrier_i,vL2
1st Qu.,Sex,0,carrier_i,vL2
1st Qu.,Visium_slide,0,carrier_i,vL2
1st Qu.,Anc_Afr,0.0037906280469553123,carrier_i,vL2
1st Qu.,Age,0.004298757463001497,carrier_i,vL2
1st Qu.,Rin,0.0054411377084388,carrier_i,vL2
1st Qu.,pseudo_expr_chrM_ratio,0.009520034928860943,carrier_i,vL2
1st Qu.,nspots,0.004411509804331654,carrier_i,vL2
1st Qu.,Residuals,0.501936930239585,carrier_i,vL2
Median,APOE_carrier,7.556077075570281e-11,carrier_i,vL2
Median,APOE_carrier.Anc_Afr,4.981476450660093e-10,carrier_i,vL2
Median,round,0,carrier_i,vL2
Median,Sex,0,carrier_i,vL2
Median,Visium_slide,7.455689935074777e-10,carrier_i,vL2
Median,Anc_Afr,0.016107877742512926,carrier_i,vL2
Median,Age,0.01834663052877111,carrier_i,vL2
Median,Rin,0.02171053580878725,carrier_i,vL2
Median,pseudo_expr_chrM_ratio,0.057993116680005126,carrier_i,vL2
Median,nspots,0.02080319249800735,carrier_i,vL2
Median,Residuals,0.6645053966075235,carrier_i,vL2
Mean,APOE_carrier,0.0021073345356732243,carrier_i,vL2
Mean,APOE_carrier.Anc_Afr,0.012265560842029165,carrier_i,vL2
Mean,round,0.011568081581904883,carrier_i,vL2
Mean,Sex,0.010557796441517872,carrier_i,vL2
Mean,Visium_slide,0.027176441262576047,carrier_i,vL2
Mean,Anc_Afr,0.029461500170448206,carrier_i,vL2
Mean,Age,0.03737018740799696,carrier_i,vL2
Mean,Rin,0.043032812742500905,carrier_i,vL2
Mean,pseudo_expr_chrM_ratio,0.1329603128352232,carrier_i,vL2
Mean,nspots,0.048942202623944706,carrier_i,vL2
Mean,Residuals,0.6445577695561848,carrier_i,vL2
3rd Qu.,APOE_carrier,4.016365048708607e-8,carrier_i,vL2
3rd Qu.,APOE_carrier.Anc_Afr,2.9620621540444296e-5,carrier_i,vL2
3rd Qu.,round,0,carrier_i,vL2
3rd Qu.,Sex,0,carrier_i,vL2
3rd Qu.,Visium_slide,0.014687748084062693,carrier_i,vL2
3rd Qu.,Anc_Afr,0.042393134595449834,carrier_i,vL2
3rd Qu.,Age,0.05102168944107546,carrier_i,vL2
3rd Qu.,Rin,0.06051592050240049,carrier_i,vL2
3rd Qu.,pseudo_expr_chrM_ratio,0.21009801826284724,carrier_i,vL2
3rd Qu.,nspots,0.06350448225289222,carrier_i,vL2
3rd Qu.,Residuals,0.802262138560705,carrier_i,vL2
Max.,APOE_carrier,0.3448413011999858,carrier_i,vL2
Max.,APOE_carrier.Anc_Afr,0.6515128461745286,carrier_i,vL2
Max.,round,0.522020105458414,carrier_i,vL2
Max.,Sex,0.8905723994573593,carrier_i,vL2
Max.,Visium_slide,0.654890102136584,carrier_i,vL2
Max.,Anc_Afr,0.6149726824593688,carrier_i,vL2
Max.,Age,0.48629864116086274,carrier_i,vL2
Max.,Rin,0.5184684629925801,carrier_i,vL2
Max.,pseudo_expr_chrM_ratio,0.8608261043539949,carrier_i,vL2
Max.,nspots,0.7029652793172793,carrier_i,vL2
Max.,Residuals,0.9949843543191009,carrier_i,vL2
Min.,APOE,0,apoe_i,vL2
Min.,APOE.Anc_Afr,0,apoe_i,vL2
Min.,round,0,apoe_i,vL2
Min.,Sex,0,apoe_i,vL2
Min.,Visium_slide,0,apoe_i,vL2
Min.,Anc_Afr,1.1914161743621893e-10,apoe_i,vL2
Min.,Age,2.001629069469934e-11,apoe_i,vL2
Min.,Rin,6.175924154139871e-12,apoe_i,vL2
Min.,pseudo_expr_chrM_ratio,6.298431644465296e-12,apoe_i,vL2
Min.,nspots,4.368295026206442e-14,apoe_i,vL2
Min.,Residuals,0.012131301221963271,apoe_i,vL2
1st Qu.,APOE,0,apoe_i,vL2
1st Qu.,APOE.Anc_Afr,5.993306780769058e-10,apoe_i,vL2
1st Qu.,round,0,apoe_i,vL2
1st Qu.,Sex,0,apoe_i,vL2
1st Qu.,Visium_slide,0,apoe_i,vL2
1st Qu.,Anc_Afr,0.0035723917497071803,apoe_i,vL2
1st Qu.,Age,0.0031165157768428004,apoe_i,vL2
1st Qu.,Rin,0.004596518567772132,apoe_i,vL2
1st Qu.,pseudo_expr_chrM_ratio,0.007827493512371922,apoe_i,vL2
1st Qu.,nspots,0.004996332923492051,apoe_i,vL2
1st Qu.,Residuals,0.26875057248452294,apoe_i,vL2
Median,APOE,0.008398107550206316,apoe_i,vL2
Median,APOE.Anc_Afr,0.02743526841458723,apoe_i,vL2
Median,round,0,apoe_i,vL2
Median,Sex,0,apoe_i,vL2
Median,Visium_slide,5.473127373365054e-9,apoe_i,vL2
Median,Anc_Afr,0.01447480113939157,apoe_i,vL2
Median,Age,0.015679598774413724,apoe_i,vL2
Median,Rin,0.01811332375925337,apoe_i,vL2
Median,pseudo_expr_chrM_ratio,0.049812242585269506,apoe_i,vL2
Median,nspots,0.02011605151727147,apoe_i,vL2
Median,Residuals,0.44698137071223876,apoe_i,vL2
Mean,APOE,0.07170095257600045,apoe_i,vL2
Mean,APOE.Anc_Afr,0.11431118885263547,apoe_i,vL2
Mean,round,0.009404220245709043,apoe_i,vL2
Mean,Sex,0.01228495500209212,apoe_i,vL2
Mean,Visium_slide,0.05559271732091256,apoe_i,vL2
Mean,Anc_Afr,0.02689829483165553,apoe_i,vL2
Mean,Age,0.03567268289387446,apoe_i,vL2
Mean,Rin,0.03703130893709624,apoe_i,vL2
Mean,pseudo_expr_chrM_ratio,0.118867884947367,apoe_i,vL2
Mean,nspots,0.04623806304452353,apoe_i,vL2
Mean,Residuals,0.4719977313481336,apoe_i,vL2
3rd Qu.,APOE,0.12798154236699888,apoe_i,vL2
3rd Qu.,APOE.Anc_Afr,0.18625472890712053,apoe_i,vL2
3rd Qu.,round,1.0539884398655684e-10,apoe_i,vL2
3rd Qu.,Sex,0,apoe_i,vL2
3rd Qu.,Visium_slide,0.09113171307014103,apoe_i,vL2
3rd Qu.,Anc_Afr,0.03931405518187279,apoe_i,vL2
3rd Qu.,Age,0.049457062165415885,apoe_i,vL2
3rd Qu.,Rin,0.05082088092823796,apoe_i,vL2
3rd Qu.,pseudo_expr_chrM_ratio,0.18246793899772565,apoe_i,vL2
3rd Qu.,nspots,0.06000943358864469,apoe_i,vL2
3rd Qu.,Residuals,0.6686002218275352,apoe_i,vL2
Max.,APOE,0.608197560745545,apoe_i,vL2
Max.,APOE.Anc_Afr,0.841474294052947,apoe_i,vL2
Max.,round,0.43923341175557284,apoe_i,vL2
Max.,Sex,0.8866124457683137,apoe_i,vL2
Max.,Visium_slide,0.7625258943899688,apoe_i,vL2
Max.,Anc_Afr,0.614967849609101,apoe_i,vL2
Max.,Age,0.42434470625762205,apoe_i,vL2
Max.,Rin,0.5184684621781317,apoe_i,vL2
Max.,pseudo_expr_chrM_ratio,0.8493135961344063,apoe_i,vL2
Max.,nspots,0.6735611473299397,apoe_i,vL2
Max.,Residuals,0.9949843546320993,apoe_i,vL2
Min.,APOE_E4E4,0,e4e4_i,vL2
Min.,APOE_E4E4.Anc_Afr,0,e4e4_i,vL2
Min.,round,0,e4e4_i,vL2
Min.,Sex,0,e4e4_i,vL2
Min.,Visium_slide,0,e4e4_i,vL2
Min.,Anc_Afr,1.5257474528001818e-10,e4e4_i,vL2
Min.,Age,1.2752365181570686e-11,e4e4_i,vL2
Min.,Rin,1.3557244039462912e-12,e4e4_i,vL2
Min.,pseudo_expr_chrM_ratio,1.1636645421091884e-9,e4e4_i,vL2
Min.,nspots,4.36829444683234e-14,e4e4_i,vL2
Min.,Residuals,0.008003891143953236,e4e4_i,vL2
1st Qu.,APOE_E4E4,0,e4e4_i,vL2
1st Qu.,APOE_E4E4.Anc_Afr,5.4811816646412074e-17,e4e4_i,vL2
1st Qu.,round,0,e4e4_i,vL2
1st Qu.,Sex,0,e4e4_i,vL2
1st Qu.,Visium_slide,0,e4e4_i,vL2
1st Qu.,Anc_Afr,0.0034897313443365595,e4e4_i,vL2
1st Qu.,Age,0.00420042940339441,e4e4_i,vL2
1st Qu.,Rin,0.004574415945528068,e4e4_i,vL2
1st Qu.,pseudo_expr_chrM_ratio,0.008612838138010472,e4e4_i,vL2
1st Qu.,nspots,0.004231902722629971,e4e4_i,vL2
1st Qu.,Residuals,0.4169947427124904,e4e4_i,vL2
Median,APOE_E4E4,0,e4e4_i,vL2
Median,APOE_E4E4.Anc_Afr,2.1239814339650885e-11,e4e4_i,vL2
Median,round,0,e4e4_i,vL2
Median,Sex,0,e4e4_i,vL2
Median,Visium_slide,1.536729612362508e-9,e4e4_i,vL2
Median,Anc_Afr,0.015912471312874106,e4e4_i,vL2
Median,Age,0.017590381853426082,e4e4_i,vL2
Median,Rin,0.01990118214085311,e4e4_i,vL2
Median,pseudo_expr_chrM_ratio,0.058409293793303244,e4e4_i,vL2
Median,nspots,0.01948127814052029,e4e4_i,vL2
Median,Residuals,0.6023099767199873,e4e4_i,vL2
Mean,APOE_E4E4,0.017935752778535104,e4e4_i,vL2
Mean,APOE_E4E4.Anc_Afr,0.03250756524035866,e4e4_i,vL2
Mean,round,0.009756527509561444,e4e4_i,vL2
Mean,Sex,0.010577370821962515,e4e4_i,vL2
Mean,Visium_slide,0.0549848147697271,e4e4_i,vL2
Mean,Anc_Afr,0.029144757064083666,e4e4_i,vL2
Mean,Age,0.03652195485810371,e4e4_i,vL2
Mean,Rin,0.04141345900387798,e4e4_i,vL2
Mean,pseudo_expr_chrM_ratio,0.13315681486385234,e4e4_i,vL2
Mean,nspots,0.0473750052780802,e4e4_i,vL2
Mean,Residuals,0.5866259778118573,e4e4_i,vL2
3rd Qu.,APOE_E4E4,1.7055696026011862e-8,e4e4_i,vL2
3rd Qu.,APOE_E4E4.Anc_Afr,2.6847864279250468e-5,e4e4_i,vL2
3rd Qu.,round,6.720477868152345e-11,e4e4_i,vL2
3rd Qu.,Sex,0,e4e4_i,vL2
3rd Qu.,Visium_slide,0.0913023308983886,e4e4_i,vL2
3rd Qu.,Anc_Afr,0.0411316361810303,e4e4_i,vL2
3rd Qu.,Age,0.05053660413527478,e4e4_i,vL2
3rd Qu.,Rin,0.057364965623642634,e4e4_i,vL2
3rd Qu.,pseudo_expr_chrM_ratio,0.2165588180155475,e4e4_i,vL2
3rd Qu.,nspots,0.06061375846090458,e4e4_i,vL2
3rd Qu.,Residuals,0.7718156256841737,e4e4_i,vL2
Max.,APOE_E4E4,0.54829313466985,e4e4_i,vL2
Max.,APOE_E4E4.Anc_Afr,0.8095966049208554,e4e4_i,vL2
Max.,round,0.4662668437748292,e4e4_i,vL2
Max.,Sex,0.8701971985625997,e4e4_i,vL2
Max.,Visium_slide,0.7625351724941261,e4e4_i,vL2
Max.,Anc_Afr,0.6149685640275399,e4e4_i,vL2
Max.,Age,0.4668953758368789,e4e4_i,vL2
Max.,Rin,0.5184684630765689,e4e4_i,vL2
Max.,pseudo_expr_chrM_ratio,0.8493111037252719,e4e4_i,vL2
Max.,nspots,0.7029652793846628,e4e4_i,vL2
Max.,Residuals,0.9945407578911336,e4e4_i,vL2
