iter	run_hash	mediation_run	donor_key	n_donors	baselineDEGs	mediationCarrierDEGs	mediationMDEGs	medSigBaselineDEGs	mediated_n	pass_both	loss	gain	loss_file	gain_file	mediated_file
1	0d4f2dec005aebff128c2046639e6cc8	Astro.1|ENSG00000101298|SNPH	5d2df78e80df642ea6646fc28e650175	29	1022	451	0	0	0	FALSE	685	114	/home/gpertea/work/R/LFF_spatial_ERC/code/22_Mediation/out-erc_astro/Astro.1_ENSG00000101298_SNPH.loss.txt	/home/gpertea/work/R/LFF_spatial_ERC/code/22_Mediation/out-erc_astro/Astro.1_ENSG00000101298_SNPH.gain.txt	
2	0d4f2dec005aebff128c2046639e6cc8	Astro.1|ENSG00000117600|PLPPR4	5d2df78e80df642ea6646fc28e650175	29	1022	4	4	1	1	TRUE	1018	0	/home/gpertea/work/R/LFF_spatial_ERC/code/22_Mediation/out-erc_astro/Astro.1_ENSG00000117600_PLPPR4.loss.txt		/home/gpertea/work/R/LFF_spatial_ERC/code/22_Mediation/out-erc_astro/Astro.1_ENSG00000117600_PLPPR4.mediated.lst
3	0d4f2dec005aebff128c2046639e6cc8	Astro.1|ENSG00000136928|GABBR2	5d2df78e80df642ea6646fc28e650175	29	1022	0	0	0	0	FALSE	1022	0	/home/gpertea/work/R/LFF_spatial_ERC/code/22_Mediation/out-erc_astro/Astro.1_ENSG00000136928_GABBR2.loss.txt		
4	0d4f2dec005aebff128c2046639e6cc8	Astro.1|ENSG00000221890|NPTXR	5d2df78e80df642ea6646fc28e650175	29	1022	792	184	23	22	TRUE	529	299	/home/gpertea/work/R/LFF_spatial_ERC/code/22_Mediation/out-erc_astro/Astro.1_ENSG00000221890_NPTXR.loss.txt	/home/gpertea/work/R/LFF_spatial_ERC/code/22_Mediation/out-erc_astro/Astro.1_ENSG00000221890_NPTXR.gain.txt	/home/gpertea/work/R/LFF_spatial_ERC/code/22_Mediation/out-erc_astro/Astro.1_ENSG00000221890_NPTXR.mediated.lst
5	0d4f2dec005aebff128c2046639e6cc8	Astro.1|ENSG00000226070|LINC00951	5d2df78e80df642ea6646fc28e650175	29	1022	4	0	0	0	FALSE	1019	1	/home/gpertea/work/R/LFF_spatial_ERC/code/22_Mediation/out-erc_astro/Astro.1_ENSG00000226070_LINC00951.loss.txt	/home/gpertea/work/R/LFF_spatial_ERC/code/22_Mediation/out-erc_astro/Astro.1_ENSG00000226070_LINC00951.gain.txt	
6	0d4f2dec005aebff128c2046639e6cc8	Astro.1|ENSG00000278662|GOLGA6L10	5d2df78e80df642ea6646fc28e650175	29	1022	0	0	0	0	FALSE	1022	0	/home/gpertea/work/R/LFF_spatial_ERC/code/22_Mediation/out-erc_astro/Astro.1_ENSG00000278662_GOLGA6L10.loss.txt		
7	0d4f2dec005aebff128c2046639e6cc8	Astro.1|ENSG00000290453|ENSG00000290453	5d2df78e80df642ea6646fc28e650175	29	1022	4	0	0	0	FALSE	1018	0	/home/gpertea/work/R/LFF_spatial_ERC/code/22_Mediation/out-erc_astro/Astro.1_ENSG00000290453_ENSG00000290453.loss.txt		
8	0d4f2dec005aebff128c2046639e6cc8	Astro.2|ENSG00000047457|CP	80c146156f90daa41a2eef910b7d1c83	30	1022	78	0	0	0	FALSE	947	3	/home/gpertea/work/R/LFF_spatial_ERC/code/22_Mediation/out-erc_astro/Astro.2_ENSG00000047457_CP.loss.txt	/home/gpertea/work/R/LFF_spatial_ERC/code/22_Mediation/out-erc_astro/Astro.2_ENSG00000047457_CP.gain.txt	
9	0d4f2dec005aebff128c2046639e6cc8	Astro.2|ENSG00000056998|GYG2	80c146156f90daa41a2eef910b7d1c83	30	1022	7	0	0	0	FALSE	1017	2	/home/gpertea/work/R/LFF_spatial_ERC/code/22_Mediation/out-erc_astro/Astro.2_ENSG00000056998_GYG2.loss.txt	/home/gpertea/work/R/LFF_spatial_ERC/code/22_Mediation/out-erc_astro/Astro.2_ENSG00000056998_GYG2.gain.txt	
10	0d4f2dec005aebff128c2046639e6cc8	Astro.2|ENSG00000064787|BCAS1	80c146156f90daa41a2eef910b7d1c83	30	1022	28	0	0	0	FALSE	994	0	/home/gpertea/work/R/LFF_spatial_ERC/code/22_Mediation/out-erc_astro/Astro.2_ENSG00000064787_BCAS1.loss.txt		
11	0d4f2dec005aebff128c2046639e6cc8	Astro.2|ENSG00000101333|PLCB4	80c146156f90daa41a2eef910b7d1c83	30	1022	379	0	0	0	FALSE	693	50	/home/gpertea/work/R/LFF_spatial_ERC/code/22_Mediation/out-erc_astro/Astro.2_ENSG00000101333_PLCB4.loss.txt	/home/gpertea/work/R/LFF_spatial_ERC/code/22_Mediation/out-erc_astro/Astro.2_ENSG00000101333_PLCB4.gain.txt	
12	0d4f2dec005aebff128c2046639e6cc8	Astro.2|ENSG00000104450|SPAG1	80c146156f90daa41a2eef910b7d1c83	30	1022	83	0	0	0	FALSE	951	12	/home/gpertea/work/R/LFF_spatial_ERC/code/22_Mediation/out-erc_astro/Astro.2_ENSG00000104450_SPAG1.loss.txt	/home/gpertea/work/R/LFF_spatial_ERC/code/22_Mediation/out-erc_astro/Astro.2_ENSG00000104450_SPAG1.gain.txt	
13	0d4f2dec005aebff128c2046639e6cc8	Astro.2|ENSG00000112309|B3GAT2	80c146156f90daa41a2eef910b7d1c83	30	1022	72	0	0	0	FALSE	960	10	/home/gpertea/work/R/LFF_spatial_ERC/code/22_Mediation/out-erc_astro/Astro.2_ENSG00000112309_B3GAT2.loss.txt	/home/gpertea/work/R/LFF_spatial_ERC/code/22_Mediation/out-erc_astro/Astro.2_ENSG00000112309_B3GAT2.gain.txt	
14	0d4f2dec005aebff128c2046639e6cc8	Astro.2|ENSG00000115461|IGFBP5	80c146156f90daa41a2eef910b7d1c83	30	1022	817	0	0	0	FALSE	458	253	/home/gpertea/work/R/LFF_spatial_ERC/code/22_Mediation/out-erc_astro/Astro.2_ENSG00000115461_IGFBP5.loss.txt	/home/gpertea/work/R/LFF_spatial_ERC/code/22_Mediation/out-erc_astro/Astro.2_ENSG00000115461_IGFBP5.gain.txt	
15	0d4f2dec005aebff128c2046639e6cc8	Astro.2|ENSG00000117643|MAN1C1	80c146156f90daa41a2eef910b7d1c83	30	1022	1336	0	0	0	FALSE	216	530	/home/gpertea/work/R/LFF_spatial_ERC/code/22_Mediation/out-erc_astro/Astro.2_ENSG00000117643_MAN1C1.loss.txt	/home/gpertea/work/R/LFF_spatial_ERC/code/22_Mediation/out-erc_astro/Astro.2_ENSG00000117643_MAN1C1.gain.txt	
16	0d4f2dec005aebff128c2046639e6cc8	Astro.2|ENSG00000119927|GPAM	80c146156f90daa41a2eef910b7d1c83	30	1022	0	0	0	0	FALSE	1022	0	/home/gpertea/work/R/LFF_spatial_ERC/code/22_Mediation/out-erc_astro/Astro.2_ENSG00000119927_GPAM.loss.txt		
17	0d4f2dec005aebff128c2046639e6cc8	Astro.2|ENSG00000120162|MOB3B	80c146156f90daa41a2eef910b7d1c83	30	1022	8	0	0	0	FALSE	1014	0	/home/gpertea/work/R/LFF_spatial_ERC/code/22_Mediation/out-erc_astro/Astro.2_ENSG00000120162_MOB3B.loss.txt		
18	0d4f2dec005aebff128c2046639e6cc8	Astro.2|ENSG00000121005|CRISPLD1	80c146156f90daa41a2eef910b7d1c83	30	1022	18	0	0	0	FALSE	1004	0	/home/gpertea/work/R/LFF_spatial_ERC/code/22_Mediation/out-erc_astro/Astro.2_ENSG00000121005_CRISPLD1.loss.txt		
19	0d4f2dec005aebff128c2046639e6cc8	Astro.2|ENSG00000135821|GLUL	80c146156f90daa41a2eef910b7d1c83	30	1022	0	1	0	0	FALSE	1022	0	/home/gpertea/work/R/LFF_spatial_ERC/code/22_Mediation/out-erc_astro/Astro.2_ENSG00000135821_GLUL.loss.txt		
20	0d4f2dec005aebff128c2046639e6cc8	Astro.2|ENSG00000136960|ENPP2	80c146156f90daa41a2eef910b7d1c83	30	1022	279	1	0	0	FALSE	758	15	/home/gpertea/work/R/LFF_spatial_ERC/code/22_Mediation/out-erc_astro/Astro.2_ENSG00000136960_ENPP2.loss.txt	/home/gpertea/work/R/LFF_spatial_ERC/code/22_Mediation/out-erc_astro/Astro.2_ENSG00000136960_ENPP2.gain.txt	
21	0d4f2dec005aebff128c2046639e6cc8	Astro.2|ENSG00000138193|PLCE1	80c146156f90daa41a2eef910b7d1c83	30	1022	668	0	0	0	FALSE	580	226	/home/gpertea/work/R/LFF_spatial_ERC/code/22_Mediation/out-erc_astro/Astro.2_ENSG00000138193_PLCE1.loss.txt	/home/gpertea/work/R/LFF_spatial_ERC/code/22_Mediation/out-erc_astro/Astro.2_ENSG00000138193_PLCE1.gain.txt	
22	0d4f2dec005aebff128c2046639e6cc8	Astro.2|ENSG00000140450|ARRDC4	80c146156f90daa41a2eef910b7d1c83	30	1022	142	0	0	0	FALSE	897	17	/home/gpertea/work/R/LFF_spatial_ERC/code/22_Mediation/out-erc_astro/Astro.2_ENSG00000140450_ARRDC4.loss.txt	/home/gpertea/work/R/LFF_spatial_ERC/code/22_Mediation/out-erc_astro/Astro.2_ENSG00000140450_ARRDC4.gain.txt	
23	0d4f2dec005aebff128c2046639e6cc8	Astro.2|ENSG00000141338|ABCA8	80c146156f90daa41a2eef910b7d1c83	30	1022	0	12	1	1	TRUE	1022	0	/home/gpertea/work/R/LFF_spatial_ERC/code/22_Mediation/out-erc_astro/Astro.2_ENSG00000141338_ABCA8.loss.txt		/home/gpertea/work/R/LFF_spatial_ERC/code/22_Mediation/out-erc_astro/Astro.2_ENSG00000141338_ABCA8.mediated.lst
24	0d4f2dec005aebff128c2046639e6cc8	Astro.2|ENSG00000144290|SLC4A10	80c146156f90daa41a2eef910b7d1c83	30	1022	1	0	0	0	FALSE	1021	0	/home/gpertea/work/R/LFF_spatial_ERC/code/22_Mediation/out-erc_astro/Astro.2_ENSG00000144290_SLC4A10.loss.txt		
25	0d4f2dec005aebff128c2046639e6cc8	Astro.2|ENSG00000146122|DAAM2	80c146156f90daa41a2eef910b7d1c83	30	1022	342	0	0	0	FALSE	759	79	/home/gpertea/work/R/LFF_spatial_ERC/code/22_Mediation/out-erc_astro/Astro.2_ENSG00000146122_DAAM2.loss.txt	/home/gpertea/work/R/LFF_spatial_ERC/code/22_Mediation/out-erc_astro/Astro.2_ENSG00000146122_DAAM2.gain.txt	
26	0d4f2dec005aebff128c2046639e6cc8	Astro.2|ENSG00000147044|CASK	80c146156f90daa41a2eef910b7d1c83	30	1022	561	0	0	0	FALSE	619	158	/home/gpertea/work/R/LFF_spatial_ERC/code/22_Mediation/out-erc_astro/Astro.2_ENSG00000147044_CASK.loss.txt	/home/gpertea/work/R/LFF_spatial_ERC/code/22_Mediation/out-erc_astro/Astro.2_ENSG00000147044_CASK.gain.txt	
27	0d4f2dec005aebff128c2046639e6cc8	Astro.2|ENSG00000147488|ST18	80c146156f90daa41a2eef910b7d1c83	30	1022	48	47	1	1	TRUE	981	7	/home/gpertea/work/R/LFF_spatial_ERC/code/22_Mediation/out-erc_astro/Astro.2_ENSG00000147488_ST18.loss.txt	/home/gpertea/work/R/LFF_spatial_ERC/code/22_Mediation/out-erc_astro/Astro.2_ENSG00000147488_ST18.gain.txt	/home/gpertea/work/R/LFF_spatial_ERC/code/22_Mediation/out-erc_astro/Astro.2_ENSG00000147488_ST18.mediated.lst
28	0d4f2dec005aebff128c2046639e6cc8	Astro.2|ENSG00000154153|RETREG1	80c146156f90daa41a2eef910b7d1c83	30	1022	186	0	0	0	FALSE	852	16	/home/gpertea/work/R/LFF_spatial_ERC/code/22_Mediation/out-erc_astro/Astro.2_ENSG00000154153_RETREG1.loss.txt	/home/gpertea/work/R/LFF_spatial_ERC/code/22_Mediation/out-erc_astro/Astro.2_ENSG00000154153_RETREG1.gain.txt	
29	0d4f2dec005aebff128c2046639e6cc8	Astro.2|ENSG00000154721|JAM2	80c146156f90daa41a2eef910b7d1c83	30	1022	35	0	0	0	FALSE	997	10	/home/gpertea/work/R/LFF_spatial_ERC/code/22_Mediation/out-erc_astro/Astro.2_ENSG00000154721_JAM2.loss.txt	/home/gpertea/work/R/LFF_spatial_ERC/code/22_Mediation/out-erc_astro/Astro.2_ENSG00000154721_JAM2.gain.txt	
30	0d4f2dec005aebff128c2046639e6cc8	Astro.2|ENSG00000154864|PIEZO2	80c146156f90daa41a2eef910b7d1c83	30	1022	37	0	0	0	FALSE	986	1	/home/gpertea/work/R/LFF_spatial_ERC/code/22_Mediation/out-erc_astro/Astro.2_ENSG00000154864_PIEZO2.loss.txt	/home/gpertea/work/R/LFF_spatial_ERC/code/22_Mediation/out-erc_astro/Astro.2_ENSG00000154864_PIEZO2.gain.txt	
31	0d4f2dec005aebff128c2046639e6cc8	Astro.2|ENSG00000160111|CPAMD8	80c146156f90daa41a2eef910b7d1c83	30	1022	0	0	0	0	FALSE	1022	0	/home/gpertea/work/R/LFF_spatial_ERC/code/22_Mediation/out-erc_astro/Astro.2_ENSG00000160111_CPAMD8.loss.txt		
32	0d4f2dec005aebff128c2046639e6cc8	Astro.2|ENSG00000162804|SNED1	80c146156f90daa41a2eef910b7d1c83	30	1022	0	1	0	0	FALSE	1022	0	/home/gpertea/work/R/LFF_spatial_ERC/code/22_Mediation/out-erc_astro/Astro.2_ENSG00000162804_SNED1.loss.txt		
33	0d4f2dec005aebff128c2046639e6cc8	Astro.2|ENSG00000162980|ARL5A	80c146156f90daa41a2eef910b7d1c83	30	1022	721	0	0	0	FALSE	356	55	/home/gpertea/work/R/LFF_spatial_ERC/code/22_Mediation/out-erc_astro/Astro.2_ENSG00000162980_ARL5A.loss.txt	/home/gpertea/work/R/LFF_spatial_ERC/code/22_Mediation/out-erc_astro/Astro.2_ENSG00000162980_ARL5A.gain.txt	
34	0d4f2dec005aebff128c2046639e6cc8	Astro.2|ENSG00000163492|CCDC141	80c146156f90daa41a2eef910b7d1c83	30	1022	1	2	0	0	FALSE	1021	0	/home/gpertea/work/R/LFF_spatial_ERC/code/22_Mediation/out-erc_astro/Astro.2_ENSG00000163492_CCDC141.loss.txt		
35	0d4f2dec005aebff128c2046639e6cc8	Astro.2|ENSG00000163947|ARHGEF3	80c146156f90daa41a2eef910b7d1c83	30	1022	3	0	0	0	FALSE	1020	1	/home/gpertea/work/R/LFF_spatial_ERC/code/22_Mediation/out-erc_astro/Astro.2_ENSG00000163947_ARHGEF3.loss.txt	/home/gpertea/work/R/LFF_spatial_ERC/code/22_Mediation/out-erc_astro/Astro.2_ENSG00000163947_ARHGEF3.gain.txt	
36	0d4f2dec005aebff128c2046639e6cc8	Astro.2|ENSG00000164116|GUCY1A1	80c146156f90daa41a2eef910b7d1c83	30	1022	2443	3	0	0	FALSE	42	1463	/home/gpertea/work/R/LFF_spatial_ERC/code/22_Mediation/out-erc_astro/Astro.2_ENSG00000164116_GUCY1A1.loss.txt	/home/gpertea/work/R/LFF_spatial_ERC/code/22_Mediation/out-erc_astro/Astro.2_ENSG00000164116_GUCY1A1.gain.txt	
37	0d4f2dec005aebff128c2046639e6cc8	Astro.2|ENSG00000165084|C8orf34	80c146156f90daa41a2eef910b7d1c83	30	1022	1856	0	0	0	FALSE	95	929	/home/gpertea/work/R/LFF_spatial_ERC/code/22_Mediation/out-erc_astro/Astro.2_ENSG00000165084_C8orf34.loss.txt	/home/gpertea/work/R/LFF_spatial_ERC/code/22_Mediation/out-erc_astro/Astro.2_ENSG00000165084_C8orf34.gain.txt	
38	0d4f2dec005aebff128c2046639e6cc8	Astro.2|ENSG00000165434|PGM2L1	80c146156f90daa41a2eef910b7d1c83	30	1022	1	0	0	0	FALSE	1021	0	/home/gpertea/work/R/LFF_spatial_ERC/code/22_Mediation/out-erc_astro/Astro.2_ENSG00000165434_PGM2L1.loss.txt		
39	0d4f2dec005aebff128c2046639e6cc8	Astro.2|ENSG00000166342|NETO1	80c146156f90daa41a2eef910b7d1c83	30	1022	0	140	61	61	TRUE	1022	0	/home/gpertea/work/R/LFF_spatial_ERC/code/22_Mediation/out-erc_astro/Astro.2_ENSG00000166342_NETO1.loss.txt		/home/gpertea/work/R/LFF_spatial_ERC/code/22_Mediation/out-erc_astro/Astro.2_ENSG00000166342_NETO1.mediated.lst
40	0d4f2dec005aebff128c2046639e6cc8	Astro.2|ENSG00000168314|MOBP	80c146156f90daa41a2eef910b7d1c83	30	1022	113	0	0	0	FALSE	917	8	/home/gpertea/work/R/LFF_spatial_ERC/code/22_Mediation/out-erc_astro/Astro.2_ENSG00000168314_MOBP.loss.txt	/home/gpertea/work/R/LFF_spatial_ERC/code/22_Mediation/out-erc_astro/Astro.2_ENSG00000168314_MOBP.gain.txt	
41	0d4f2dec005aebff128c2046639e6cc8	Astro.2|ENSG00000169083|AR	80c146156f90daa41a2eef910b7d1c83	30	1022	1206	0	0	0	FALSE	306	490	/home/gpertea/work/R/LFF_spatial_ERC/code/22_Mediation/out-erc_astro/Astro.2_ENSG00000169083_AR.loss.txt	/home/gpertea/work/R/LFF_spatial_ERC/code/22_Mediation/out-erc_astro/Astro.2_ENSG00000169083_AR.gain.txt	
42	0d4f2dec005aebff128c2046639e6cc8	Astro.2|ENSG00000173068|BNC2	80c146156f90daa41a2eef910b7d1c83	30	1022	267	0	0	0	FALSE	792	37	/home/gpertea/work/R/LFF_spatial_ERC/code/22_Mediation/out-erc_astro/Astro.2_ENSG00000173068_BNC2.loss.txt	/home/gpertea/work/R/LFF_spatial_ERC/code/22_Mediation/out-erc_astro/Astro.2_ENSG00000173068_BNC2.gain.txt	
43	0d4f2dec005aebff128c2046639e6cc8	Astro.2|ENSG00000176463|SLCO3A1	80c146156f90daa41a2eef910b7d1c83	30	1022	920	0	0	0	FALSE	455	353	/home/gpertea/work/R/LFF_spatial_ERC/code/22_Mediation/out-erc_astro/Astro.2_ENSG00000176463_SLCO3A1.loss.txt	/home/gpertea/work/R/LFF_spatial_ERC/code/22_Mediation/out-erc_astro/Astro.2_ENSG00000176463_SLCO3A1.gain.txt	
44	0d4f2dec005aebff128c2046639e6cc8	Astro.2|ENSG00000177283|FZD8	80c146156f90daa41a2eef910b7d1c83	30	1022	0	411	125	125	TRUE	1022	0	/home/gpertea/work/R/LFF_spatial_ERC/code/22_Mediation/out-erc_astro/Astro.2_ENSG00000177283_FZD8.loss.txt		/home/gpertea/work/R/LFF_spatial_ERC/code/22_Mediation/out-erc_astro/Astro.2_ENSG00000177283_FZD8.mediated.lst
45	0d4f2dec005aebff128c2046639e6cc8	Astro.2|ENSG00000178662|CSRNP3	80c146156f90daa41a2eef910b7d1c83	30	1022	186	0	0	0	FALSE	861	25	/home/gpertea/work/R/LFF_spatial_ERC/code/22_Mediation/out-erc_astro/Astro.2_ENSG00000178662_CSRNP3.loss.txt	/home/gpertea/work/R/LFF_spatial_ERC/code/22_Mediation/out-erc_astro/Astro.2_ENSG00000178662_CSRNP3.gain.txt	
46	0d4f2dec005aebff128c2046639e6cc8	Astro.2|ENSG00000179456|ZBTB18	80c146156f90daa41a2eef910b7d1c83	30	1022	15	0	0	0	FALSE	1008	1	/home/gpertea/work/R/LFF_spatial_ERC/code/22_Mediation/out-erc_astro/Astro.2_ENSG00000179456_ZBTB18.loss.txt	/home/gpertea/work/R/LFF_spatial_ERC/code/22_Mediation/out-erc_astro/Astro.2_ENSG00000179456_ZBTB18.gain.txt	
47	0d4f2dec005aebff128c2046639e6cc8	Astro.2|ENSG00000181938|GINS3	80c146156f90daa41a2eef910b7d1c83	30	1022	1072	0	0	0	FALSE	348	398	/home/gpertea/work/R/LFF_spatial_ERC/code/22_Mediation/out-erc_astro/Astro.2_ENSG00000181938_GINS3.loss.txt	/home/gpertea/work/R/LFF_spatial_ERC/code/22_Mediation/out-erc_astro/Astro.2_ENSG00000181938_GINS3.gain.txt	
48	0d4f2dec005aebff128c2046639e6cc8	Astro.2|ENSG00000183098|GPC6	80c146156f90daa41a2eef910b7d1c83	30	1022	487	0	0	0	FALSE	633	98	/home/gpertea/work/R/LFF_spatial_ERC/code/22_Mediation/out-erc_astro/Astro.2_ENSG00000183098_GPC6.loss.txt	/home/gpertea/work/R/LFF_spatial_ERC/code/22_Mediation/out-erc_astro/Astro.2_ENSG00000183098_GPC6.gain.txt	
49	0d4f2dec005aebff128c2046639e6cc8	Astro.2|ENSG00000185518|SV2B	80c146156f90daa41a2eef910b7d1c83	30	1022	11	566	200	199	TRUE	1011	0	/home/gpertea/work/R/LFF_spatial_ERC/code/22_Mediation/out-erc_astro/Astro.2_ENSG00000185518_SV2B.loss.txt		/home/gpertea/work/R/LFF_spatial_ERC/code/22_Mediation/out-erc_astro/Astro.2_ENSG00000185518_SV2B.mediated.lst
50	0d4f2dec005aebff128c2046639e6cc8	Astro.2|ENSG00000186409|CCDC30	80c146156f90daa41a2eef910b7d1c83	30	1022	301	0	0	0	FALSE	724	3	/home/gpertea/work/R/LFF_spatial_ERC/code/22_Mediation/out-erc_astro/Astro.2_ENSG00000186409_CCDC30.loss.txt	/home/gpertea/work/R/LFF_spatial_ERC/code/22_Mediation/out-erc_astro/Astro.2_ENSG00000186409_CCDC30.gain.txt	
51	0d4f2dec005aebff128c2046639e6cc8	Astro.2|ENSG00000186529|CYP4F3	80c146156f90daa41a2eef910b7d1c83	30	1022	0	0	0	0	FALSE	1022	0	/home/gpertea/work/R/LFF_spatial_ERC/code/22_Mediation/out-erc_astro/Astro.2_ENSG00000186529_CYP4F3.loss.txt		
52	0d4f2dec005aebff128c2046639e6cc8	Astro.2|ENSG00000187634|SAMD11	80c146156f90daa41a2eef910b7d1c83	30	1022	0	0	0	0	FALSE	1022	0	/home/gpertea/work/R/LFF_spatial_ERC/code/22_Mediation/out-erc_astro/Astro.2_ENSG00000187634_SAMD11.loss.txt		
53	0d4f2dec005aebff128c2046639e6cc8	Astro.2|ENSG00000196569|LAMA2	80c146156f90daa41a2eef910b7d1c83	30	1022	24	0	0	0	FALSE	998	0	/home/gpertea/work/R/LFF_spatial_ERC/code/22_Mediation/out-erc_astro/Astro.2_ENSG00000196569_LAMA2.loss.txt		
54	0d4f2dec005aebff128c2046639e6cc8	Astro.2|ENSG00000196782|MAML3	80c146156f90daa41a2eef910b7d1c83	30	1022	2030	2	0	0	FALSE	29	1037	/home/gpertea/work/R/LFF_spatial_ERC/code/22_Mediation/out-erc_astro/Astro.2_ENSG00000196782_MAML3.loss.txt	/home/gpertea/work/R/LFF_spatial_ERC/code/22_Mediation/out-erc_astro/Astro.2_ENSG00000196782_MAML3.gain.txt	
55	0d4f2dec005aebff128c2046639e6cc8	Astro.2|ENSG00000198597|ZNF536	80c146156f90daa41a2eef910b7d1c83	30	1022	1594	0	0	0	FALSE	120	692	/home/gpertea/work/R/LFF_spatial_ERC/code/22_Mediation/out-erc_astro/Astro.2_ENSG00000198597_ZNF536.loss.txt	/home/gpertea/work/R/LFF_spatial_ERC/code/22_Mediation/out-erc_astro/Astro.2_ENSG00000198597_ZNF536.gain.txt	
56	0d4f2dec005aebff128c2046639e6cc8	Astro.2|ENSG00000226419|SLC16A1-AS1	80c146156f90daa41a2eef910b7d1c83	30	1022	146	0	0	0	FALSE	887	11	/home/gpertea/work/R/LFF_spatial_ERC/code/22_Mediation/out-erc_astro/Astro.2_ENSG00000226419_SLC16A1-AS1.loss.txt	/home/gpertea/work/R/LFF_spatial_ERC/code/22_Mediation/out-erc_astro/Astro.2_ENSG00000226419_SLC16A1-AS1.gain.txt	
57	0d4f2dec005aebff128c2046639e6cc8	Astro.2|ENSG00000228408|ENSG00000228408	80c146156f90daa41a2eef910b7d1c83	30	1022	88	0	0	0	FALSE	939	5	/home/gpertea/work/R/LFF_spatial_ERC/code/22_Mediation/out-erc_astro/Astro.2_ENSG00000228408_ENSG00000228408.loss.txt	/home/gpertea/work/R/LFF_spatial_ERC/code/22_Mediation/out-erc_astro/Astro.2_ENSG00000228408_ENSG00000228408.gain.txt	
58	0d4f2dec005aebff128c2046639e6cc8	Astro.2|ENSG00000253853|ENSG00000253853	80c146156f90daa41a2eef910b7d1c83	30	1022	478	0	0	0	FALSE	617	73	/home/gpertea/work/R/LFF_spatial_ERC/code/22_Mediation/out-erc_astro/Astro.2_ENSG00000253853_ENSG00000253853.loss.txt	/home/gpertea/work/R/LFF_spatial_ERC/code/22_Mediation/out-erc_astro/Astro.2_ENSG00000253853_ENSG00000253853.gain.txt	
59	0d4f2dec005aebff128c2046639e6cc8	Astro.2|ENSG00000255571|MIR9-3HG	80c146156f90daa41a2eef910b7d1c83	30	1022	18	0	0	0	FALSE	1009	5	/home/gpertea/work/R/LFF_spatial_ERC/code/22_Mediation/out-erc_astro/Astro.2_ENSG00000255571_MIR9-3HG.loss.txt	/home/gpertea/work/R/LFF_spatial_ERC/code/22_Mediation/out-erc_astro/Astro.2_ENSG00000255571_MIR9-3HG.gain.txt	
60	0d4f2dec005aebff128c2046639e6cc8	Astro.2|ENSG00000255690|TRIL	80c146156f90daa41a2eef910b7d1c83	30	1022	3	0	0	0	FALSE	1020	1	/home/gpertea/work/R/LFF_spatial_ERC/code/22_Mediation/out-erc_astro/Astro.2_ENSG00000255690_TRIL.loss.txt	/home/gpertea/work/R/LFF_spatial_ERC/code/22_Mediation/out-erc_astro/Astro.2_ENSG00000255690_TRIL.gain.txt	
61	0d4f2dec005aebff128c2046639e6cc8	Astro.2|ENSG00000257585|LINC00609	80c146156f90daa41a2eef910b7d1c83	30	1022	604	0	0	0	FALSE	606	188	/home/gpertea/work/R/LFF_spatial_ERC/code/22_Mediation/out-erc_astro/Astro.2_ENSG00000257585_LINC00609.loss.txt	/home/gpertea/work/R/LFF_spatial_ERC/code/22_Mediation/out-erc_astro/Astro.2_ENSG00000257585_LINC00609.gain.txt	
62	0d4f2dec005aebff128c2046639e6cc8	Astro.2|ENSG00000258483|LINC02251	80c146156f90daa41a2eef910b7d1c83	30	1022	52	0	0	0	FALSE	972	2	/home/gpertea/work/R/LFF_spatial_ERC/code/22_Mediation/out-erc_astro/Astro.2_ENSG00000258483_LINC02251.loss.txt	/home/gpertea/work/R/LFF_spatial_ERC/code/22_Mediation/out-erc_astro/Astro.2_ENSG00000258483_LINC02251.gain.txt	
63	0d4f2dec005aebff128c2046639e6cc8	Astro.2|ENSG00000259255|ENSG00000259255	80c146156f90daa41a2eef910b7d1c83	30	1022	0	2	0	0	FALSE	1022	0	/home/gpertea/work/R/LFF_spatial_ERC/code/22_Mediation/out-erc_astro/Astro.2_ENSG00000259255_ENSG00000259255.loss.txt		
64	0d4f2dec005aebff128c2046639e6cc8	Astro.2|ENSG00000281327|LINC01338	80c146156f90daa41a2eef910b7d1c83	30	1022	457	0	0	0	FALSE	676	111	/home/gpertea/work/R/LFF_spatial_ERC/code/22_Mediation/out-erc_astro/Astro.2_ENSG00000281327_LINC01338.loss.txt	/home/gpertea/work/R/LFF_spatial_ERC/code/22_Mediation/out-erc_astro/Astro.2_ENSG00000281327_LINC01338.gain.txt	
65	0d4f2dec005aebff128c2046639e6cc8	Astro.2|ENSG00000288696|ENSG00000288696	80c146156f90daa41a2eef910b7d1c83	30	1022	52	0	0	0	FALSE	971	1	/home/gpertea/work/R/LFF_spatial_ERC/code/22_Mediation/out-erc_astro/Astro.2_ENSG00000288696_ENSG00000288696.loss.txt	/home/gpertea/work/R/LFF_spatial_ERC/code/22_Mediation/out-erc_astro/Astro.2_ENSG00000288696_ENSG00000288696.gain.txt	
66	0d4f2dec005aebff128c2046639e6cc8	Astro.3|ENSG00000012124|CD22	80c146156f90daa41a2eef910b7d1c83	30	1022	0	0	0	0	FALSE	1022	0	/home/gpertea/work/R/LFF_spatial_ERC/code/22_Mediation/out-erc_astro/Astro.3_ENSG00000012124_CD22.loss.txt		
67	0d4f2dec005aebff128c2046639e6cc8	Astro.3|ENSG00000070214|SLC44A1	80c146156f90daa41a2eef910b7d1c83	30	1022	637	0	0	0	FALSE	603	218	/home/gpertea/work/R/LFF_spatial_ERC/code/22_Mediation/out-erc_astro/Astro.3_ENSG00000070214_SLC44A1.loss.txt	/home/gpertea/work/R/LFF_spatial_ERC/code/22_Mediation/out-erc_astro/Astro.3_ENSG00000070214_SLC44A1.gain.txt	
68	0d4f2dec005aebff128c2046639e6cc8	Astro.3|ENSG00000084453|SLCO1A2	80c146156f90daa41a2eef910b7d1c83	30	1022	22	0	0	0	FALSE	1000	0	/home/gpertea/work/R/LFF_spatial_ERC/code/22_Mediation/out-erc_astro/Astro.3_ENSG00000084453_SLCO1A2.loss.txt		
69	0d4f2dec005aebff128c2046639e6cc8	Astro.3|ENSG00000091513|TF	80c146156f90daa41a2eef910b7d1c83	30	1022	19	0	0	0	FALSE	1005	2	/home/gpertea/work/R/LFF_spatial_ERC/code/22_Mediation/out-erc_astro/Astro.3_ENSG00000091513_TF.loss.txt	/home/gpertea/work/R/LFF_spatial_ERC/code/22_Mediation/out-erc_astro/Astro.3_ENSG00000091513_TF.gain.txt	
70	0d4f2dec005aebff128c2046639e6cc8	Astro.3|ENSG00000102934|PLLP	80c146156f90daa41a2eef910b7d1c83	30	1022	688	0	0	0	FALSE	463	129	/home/gpertea/work/R/LFF_spatial_ERC/code/22_Mediation/out-erc_astro/Astro.3_ENSG00000102934_PLLP.loss.txt	/home/gpertea/work/R/LFF_spatial_ERC/code/22_Mediation/out-erc_astro/Astro.3_ENSG00000102934_PLLP.gain.txt	
71	0d4f2dec005aebff128c2046639e6cc8	Astro.3|ENSG00000117266|CDK18	80c146156f90daa41a2eef910b7d1c83	30	1022	753	0	0	0	FALSE	398	129	/home/gpertea/work/R/LFF_spatial_ERC/code/22_Mediation/out-erc_astro/Astro.3_ENSG00000117266_CDK18.loss.txt	/home/gpertea/work/R/LFF_spatial_ERC/code/22_Mediation/out-erc_astro/Astro.3_ENSG00000117266_CDK18.gain.txt	
72	0d4f2dec005aebff128c2046639e6cc8	Astro.3|ENSG00000123560|PLP1	80c146156f90daa41a2eef910b7d1c83	30	1022	0	0	0	0	FALSE	1022	0	/home/gpertea/work/R/LFF_spatial_ERC/code/22_Mediation/out-erc_astro/Astro.3_ENSG00000123560_PLP1.loss.txt		
73	0d4f2dec005aebff128c2046639e6cc8	Astro.3|ENSG00000125851|PCSK2	80c146156f90daa41a2eef910b7d1c83	30	1022	1	0	0	0	FALSE	1021	0	/home/gpertea/work/R/LFF_spatial_ERC/code/22_Mediation/out-erc_astro/Astro.3_ENSG00000125851_PCSK2.loss.txt		
74	0d4f2dec005aebff128c2046639e6cc8	Astro.3|ENSG00000133019|CHRM3	80c146156f90daa41a2eef910b7d1c83	30	1022	1	619	205	205	TRUE	1021	0	/home/gpertea/work/R/LFF_spatial_ERC/code/22_Mediation/out-erc_astro/Astro.3_ENSG00000133019_CHRM3.loss.txt		/home/gpertea/work/R/LFF_spatial_ERC/code/22_Mediation/out-erc_astro/Astro.3_ENSG00000133019_CHRM3.mediated.lst
75	0d4f2dec005aebff128c2046639e6cc8	Astro.3|ENSG00000134352|IL6ST	80c146156f90daa41a2eef910b7d1c83	30	1022	0	6	4	4	TRUE	1022	0	/home/gpertea/work/R/LFF_spatial_ERC/code/22_Mediation/out-erc_astro/Astro.3_ENSG00000134352_IL6ST.loss.txt		/home/gpertea/work/R/LFF_spatial_ERC/code/22_Mediation/out-erc_astro/Astro.3_ENSG00000134352_IL6ST.mediated.lst
76	0d4f2dec005aebff128c2046639e6cc8	Astro.3|ENSG00000136928|GABBR2	80c146156f90daa41a2eef910b7d1c83	30	1022	22	0	0	0	FALSE	1000	0	/home/gpertea/work/R/LFF_spatial_ERC/code/22_Mediation/out-erc_astro/Astro.3_ENSG00000136928_GABBR2.loss.txt		
77	0d4f2dec005aebff128c2046639e6cc8	Astro.3|ENSG00000149972|CNTN5	80c146156f90daa41a2eef910b7d1c83	30	1022	0	0	0	0	FALSE	1022	0	/home/gpertea/work/R/LFF_spatial_ERC/code/22_Mediation/out-erc_astro/Astro.3_ENSG00000149972_CNTN5.loss.txt		
78	0d4f2dec005aebff128c2046639e6cc8	Astro.3|ENSG00000150656|CNDP1	80c146156f90daa41a2eef910b7d1c83	30	1022	419	0	0	0	FALSE	631	28	/home/gpertea/work/R/LFF_spatial_ERC/code/22_Mediation/out-erc_astro/Astro.3_ENSG00000150656_CNDP1.loss.txt	/home/gpertea/work/R/LFF_spatial_ERC/code/22_Mediation/out-erc_astro/Astro.3_ENSG00000150656_CNDP1.gain.txt	
79	0d4f2dec005aebff128c2046639e6cc8	Astro.3|ENSG00000155886|SLC24A2	80c146156f90daa41a2eef910b7d1c83	30	1022	1135	0	0	0	FALSE	295	408	/home/gpertea/work/R/LFF_spatial_ERC/code/22_Mediation/out-erc_astro/Astro.3_ENSG00000155886_SLC24A2.loss.txt	/home/gpertea/work/R/LFF_spatial_ERC/code/22_Mediation/out-erc_astro/Astro.3_ENSG00000155886_SLC24A2.gain.txt	
80	0d4f2dec005aebff128c2046639e6cc8	Astro.3|ENSG00000174607|UGT8	80c146156f90daa41a2eef910b7d1c83	30	1022	387	0	0	0	FALSE	712	77	/home/gpertea/work/R/LFF_spatial_ERC/code/22_Mediation/out-erc_astro/Astro.3_ENSG00000174607_UGT8.loss.txt	/home/gpertea/work/R/LFF_spatial_ERC/code/22_Mediation/out-erc_astro/Astro.3_ENSG00000174607_UGT8.gain.txt	
81	0d4f2dec005aebff128c2046639e6cc8	Astro.3|ENSG00000175220|ARHGAP1	80c146156f90daa41a2eef910b7d1c83	30	1022	0	0	0	0	FALSE	1022	0	/home/gpertea/work/R/LFF_spatial_ERC/code/22_Mediation/out-erc_astro/Astro.3_ENSG00000175220_ARHGAP1.loss.txt		
82	0d4f2dec005aebff128c2046639e6cc8	Astro.3|ENSG00000197430|OPALIN	80c146156f90daa41a2eef910b7d1c83	30	1022	1993	2	1	0	FALSE	117	1088	/home/gpertea/work/R/LFF_spatial_ERC/code/22_Mediation/out-erc_astro/Astro.3_ENSG00000197430_OPALIN.loss.txt	/home/gpertea/work/R/LFF_spatial_ERC/code/22_Mediation/out-erc_astro/Astro.3_ENSG00000197430_OPALIN.gain.txt	
83	0d4f2dec005aebff128c2046639e6cc8	Astro.3|ENSG00000197971|MBP	80c146156f90daa41a2eef910b7d1c83	30	1022	419	0	0	0	FALSE	645	42	/home/gpertea/work/R/LFF_spatial_ERC/code/22_Mediation/out-erc_astro/Astro.3_ENSG00000197971_MBP.loss.txt	/home/gpertea/work/R/LFF_spatial_ERC/code/22_Mediation/out-erc_astro/Astro.3_ENSG00000197971_MBP.gain.txt	
84	0d4f2dec005aebff128c2046639e6cc8	Astro.3|ENSG00000198597|ZNF536	80c146156f90daa41a2eef910b7d1c83	30	1022	1917	0	0	0	FALSE	56	951	/home/gpertea/work/R/LFF_spatial_ERC/code/22_Mediation/out-erc_astro/Astro.3_ENSG00000198597_ZNF536.loss.txt	/home/gpertea/work/R/LFF_spatial_ERC/code/22_Mediation/out-erc_astro/Astro.3_ENSG00000198597_ZNF536.gain.txt	
85	0d4f2dec005aebff128c2046639e6cc8	Astro.3|ENSG00000232310|LINC03002	80c146156f90daa41a2eef910b7d1c83	30	1022	2306	1	0	0	FALSE	72	1356	/home/gpertea/work/R/LFF_spatial_ERC/code/22_Mediation/out-erc_astro/Astro.3_ENSG00000232310_LINC03002.loss.txt	/home/gpertea/work/R/LFF_spatial_ERC/code/22_Mediation/out-erc_astro/Astro.3_ENSG00000232310_LINC03002.gain.txt	
86	0d4f2dec005aebff128c2046639e6cc8	Astro.3|ENSG00000253877|LINC01608	80c146156f90daa41a2eef910b7d1c83	30	1022	0	0	0	0	FALSE	1022	0	/home/gpertea/work/R/LFF_spatial_ERC/code/22_Mediation/out-erc_astro/Astro.3_ENSG00000253877_LINC01608.loss.txt		
87	0d4f2dec005aebff128c2046639e6cc8	Astro.3|ENSG00000260788|CEDORA	80c146156f90daa41a2eef910b7d1c83	30	1022	1429	213	17	0	FALSE	239	646	/home/gpertea/work/R/LFF_spatial_ERC/code/22_Mediation/out-erc_astro/Astro.3_ENSG00000260788_CEDORA.loss.txt	/home/gpertea/work/R/LFF_spatial_ERC/code/22_Mediation/out-erc_astro/Astro.3_ENSG00000260788_CEDORA.gain.txt	
88	0d4f2dec005aebff128c2046639e6cc8	Astro.3|ENSG00000273507|ENSG00000273507	80c146156f90daa41a2eef910b7d1c83	30	1022	9	0	0	0	FALSE	1013	0	/home/gpertea/work/R/LFF_spatial_ERC/code/22_Mediation/out-erc_astro/Astro.3_ENSG00000273507_ENSG00000273507.loss.txt		
