"top","model_type","test","gene","stat","pval","fdr","gene_index","logFC","ensembl","rank"
1,"enrichment","Micro.1","GPNMB",3.41760020573589,0.000832660336936174,0.578079895344539,2612,0.962169374124846,"ENSG00000136235",1
2,"enrichment","Micro.1","ENSG00000234428",3.4078580621973,0.000860522117495589,0.578079895344539,4117,0.928048364582297,"ENSG00000234428",2
3,"enrichment","Micro.1","ENSG00000266846",3.33000459513389,0.0011166953912369,0.578079895344539,5584,0.801547384333919,"ENSG00000266846",3
4,"enrichment","Micro.1","BRWD3",3.14948903083743,0.00200923903521607,0.578079895344539,6438,0.275178510396941,"ENSG00000165288",4
5,"enrichment","Micro.1","ENSG00000286153",3.12351150499697,0.00218218610340191,0.578079895344539,6154,0.757893185069568,"ENSG00000286153",5
6,"enrichment","Micro.1","KCNMB1",3.1068994622468,0.00229990825299062,0.578079895344539,2178,0.676426437528441,"ENSG00000145936",6
7,"enrichment","Micro.1","ARL5A",3.09377576707832,0.00239703885622812,0.578079895344539,935,0.272386366824812,"ENSG00000162980",7
8,"enrichment","Micro.1","RNF20",3.09266364601445,0.0024054419448644,0.578079895344539,3316,0.689024998082864,"ENSG00000155827",8
9,"enrichment","Micro.1","APOC1",3.07243254750395,0.00256314432735094,0.578079895344539,5903,0.728331218494935,"ENSG00000130208",9
10,"enrichment","Micro.1","C11orf65",3.06257329834006,0.00264341357294167,0.578079895344539,3984,0.688393116126584,"ENSG00000166323",10
11,"enrichment","Micro.1","HLA-DRB5",3.04325274988794,0.00280748830582983,0.578079895344539,2299,0.711411428363531,"ENSG00000198502",11
12,"enrichment","Micro.1","ADAM7-AS1",3.04285850697549,0.00281093214673023,0.578079895344539,2958,0.627848022310322,"ENSG00000253535",12
13,"enrichment","Micro.1","ENTPD1-AS1",3.01360403600604,0.00307763550933253,0.578079895344539,3632,0.305835267516628,"ENSG00000226688",13
14,"enrichment","Micro.1","NPL",2.98540537037475,0.0033566134044285,0.578079895344539,479,0.260155663050619,"ENSG00000135838",14
15,"enrichment","Micro.1","NOC3L",2.9812328422704,0.00339981689465873,0.578079895344539,3628,0.603126613627374,"ENSG00000173145",15
16,"enrichment","Micro.1","C11orf54",2.91737084918313,0.00412817853816169,0.578079895344539,3956,0.613559015400827,"ENSG00000182919",16
17,"enrichment","Micro.1","GAB2",2.91517025564716,0.00415565756198677,0.578079895344539,3932,0.151944234135382,"ENSG00000033327",17
18,"enrichment","Micro.1","SASH3",2.91183098364134,0.00419767595793117,0.578079895344539,6483,0.627004200979246,"ENSG00000122122",18
19,"enrichment","Micro.1","CAST",2.89273063363399,0.00444559705704437,0.578079895344539,2033,0.209678649575619,"ENSG00000153113",19
20,"enrichment","Micro.1","OXR1-AS1",2.88528805277491,0.00454578095346652,0.578079895344539,3107,0.60179117821918,"ENSG00000253582",20
21,"enrichment","Micro.1","KCTD12",2.8803029358593,0.00461403688437361,0.578079895344539,4521,0.296632963883948,"ENSG00000178695",21
22,"enrichment","Micro.1","FCGR2A",2.84739472812974,0.00508866569154805,0.578079895344539,425,0.55290202206286,"ENSG00000143226",22
23,"enrichment","Micro.1","SEC31A",2.84086327010957,0.00518801676352241,0.578079895344539,1721,0.247594458033634,"ENSG00000138674",23
24,"enrichment","Micro.1","LINC00513",2.82626951224566,0.00541643813512751,0.578079895344539,2850,0.673455797836992,"ENSG00000233559",24
25,"enrichment","Micro.1","RPL18",2.81151927699203,0.00565660194154604,0.578079895344539,5921,0.446156179784428,"ENSG00000063177",25
26,"enrichment","Micro.1","ENSG00000229751",2.79555741054235,0.00592740227585177,0.578079895344539,3458,0.688226677808887,"ENSG00000229751",26
27,"enrichment","Micro.1","CCDC18",2.79191342707755,0.00599085728230334,0.578079895344539,278,0.625747838890434,"ENSG00000122483",27
28,"enrichment","Micro.1","ENSG00000254420",2.79189652289139,0.0059911530821353,0.578079895344539,3933,0.585356494342069,"ENSG00000254420",28
29,"enrichment","Micro.1","DDX5",2.78286245307971,0.00615115367601635,0.578079895344539,5505,0.202225295985157,"ENSG00000108654",29
30,"enrichment","Micro.1","LINC02762",2.78079080446097,0.00618838828524556,0.578079895344539,3997,0.53778568552705,"ENSG00000250303",30
31,"enrichment","Micro.1","CD74",2.76809889706964,0.00642101895931433,0.578079895344539,2148,0.29703000458601,"ENSG00000019582",31
32,"enrichment","Micro.1","ENSG00000286044",2.76650201485666,0.00645084495742434,0.578079895344539,4020,0.671438677628267,"ENSG00000286044",32
33,"enrichment","Micro.1","GLRX",2.76423274247175,0.00649344640646745,0.578079895344539,2030,0.604153672379244,"ENSG00000173221",33
34,"enrichment","Micro.1","OGFRL1",2.75196045390032,0.00672830117360287,0.578079895344539,2378,0.245946381179284,"ENSG00000119900",34
35,"enrichment","Micro.1","SMCO4",2.74794849074442,0.00680673617307275,0.578079895344539,3953,0.57607297988283,"ENSG00000166002",35
36,"enrichment","Micro.1","ELMO1-AS1",2.74290472861754,0.00690652141470098,0.578079895344539,2649,0.654234844896538,"ENSG00000224101",36
37,"enrichment","Micro.1","BCCIP",2.73612335317965,0.00704277732204823,0.578079895344539,3713,0.525224715181983,"ENSG00000107949",37
38,"enrichment","Micro.1","RASSF5",2.7344946685601,0.00707586328651038,0.578079895344539,531,0.591159113239905,"ENSG00000266094",38
39,"enrichment","Micro.1","CLN8",2.72296320662494,0.00731418428396703,0.578079895344539,2915,0.537882307939763,"ENSG00000182372",39
40,"enrichment","Micro.1","APOE",2.71748432441092,0.00742994835192376,0.578079895344539,5902,0.470576663146811,"ENSG00000130203",40
41,"enrichment","Micro.1","PIK3R1",2.7111833563205,0.00756513468639314,0.578079895344539,1970,0.168391576530211,"ENSG00000145675",41
42,"enrichment","Micro.1","RDH11",2.69424854950024,0.00793958701668361,0.578079895344539,4691,0.503811354293636,"ENSG00000072042",42
43,"enrichment","Micro.1","GNAQ",2.67817288212049,0.00831048645167555,0.578079895344539,3257,0.135137117503409,"ENSG00000156052",43
44,"enrichment","Micro.1","CYTL1",2.66832210926245,0.0085454382839807,0.578079895344539,1595,0.621221821033012,"ENSG00000170891",44
45,"enrichment","Micro.1","ALKBH8",2.66197916646019,0.00869988536451505,0.578079895344539,3978,0.479720613664193,"ENSG00000137760",45
46,"enrichment","Micro.1","BMP2K",2.6572997430504,0.00881543853572376,0.578079895344539,1714,0.158149666144033,"ENSG00000138756",46
47,"enrichment","Micro.1","SNAPC1",2.62391790585528,0.00968079315141919,0.578079895344539,4675,0.615752369372787,"ENSG00000023608",47
48,"enrichment","Micro.1","PIWIL4",2.61988242839195,0.00979043236184761,0.578079895344539,3960,0.455728905399443,"ENSG00000134627",48
49,"enrichment","Micro.1","ADPGK",2.61800121153377,0.00984192411437201,0.578079895344539,4964,0.227026544482643,"ENSG00000159322",49
50,"enrichment","Micro.1","LINC02008",2.61288933949462,0.00998307815108847,0.578079895344539,1327,0.567716188808862,"ENSG00000239440",50
51,"enrichment","Micro.1","SLC16A3",2.61115413869003,0.010031405061527,0.578079895344539,5567,0.603807941912965,"ENSG00000141526",51
52,"enrichment","Micro.1","TNIP1",2.60898793543679,0.0100920313523412,0.578079895344539,2151,0.479411794800676,"ENSG00000145901",52
53,"enrichment","Micro.1","FAM76B",2.6051293518514,0.0102008404798856,0.578079895344539,3963,0.549808739320425,"ENSG00000077458",53
54,"enrichment","Micro.1","GK",2.59950670886324,0.0103612853744438,0.578079895344539,6367,0.619632631895741,"ENSG00000198814",54
55,"enrichment","Micro.1","ATP11A",2.5989148353475,0.0103783061704732,0.578079895344539,4561,0.226532218994973,"ENSG00000068650",55
56,"enrichment","Micro.1","MAT2A",2.59769481116392,0.0104134703889658,0.578079895344539,822,0.359124911054312,"ENSG00000168906",56
57,"enrichment","Micro.1","ADGRD1",2.59458226010026,0.0105036680758017,0.578079895344539,4407,0.645276890666715,"ENSG00000111452",57
58,"enrichment","Micro.1","MFSD8",2.57549556459287,0.0110723037943988,0.578079895344539,1796,0.413894664016402,"ENSG00000164073",58
59,"enrichment","Micro.1","KLHL8",2.57241536118553,0.0111666176201373,0.578079895344539,1734,0.256956303010951,"ENSG00000145332",59
60,"enrichment","Micro.1","GPR141",2.56883024833345,0.0112772994140839,0.578079895344539,2650,0.68623883999363,"ENSG00000187037",60
61,"enrichment","Micro.1","ALG9",2.56769292556318,0.0113126167425088,0.578079895344539,3992,0.529034761902106,"ENSG00000086848",61
62,"enrichment","Micro.1","GM2A",2.56419275790808,0.0114219313593379,0.578079895344539,2152,0.557762285102337,"ENSG00000196743",62
63,"enrichment","Micro.1","TMEM87B",2.56317339103877,0.0114539452123343,0.578079895344539,872,0.383013228815065,"ENSG00000153214",63
64,"enrichment","Micro.1","SOAT1",2.56252905684092,0.0114742224396879,0.578079895344539,469,0.28176470693863,"ENSG00000057252",64
65,"enrichment","Micro.1","ABHD15-AS1",2.56179813853066,0.0114972634622824,0.578079895344539,5358,0.437274624834526,"ENSG00000264031",65
66,"enrichment","Micro.1","RNF141",2.55504351707924,0.0117121644422397,0.578079895344539,3759,0.434545878902535,"ENSG00000110315",66
67,"enrichment","Micro.1","NR2C2",2.55314129540823,0.0117733310135165,0.578079895344539,1169,0.236152301542651,"ENSG00000177463",67
68,"enrichment","Micro.1","BTF3",2.54815788181106,0.0119349346887412,0.578079895344539,1982,0.561349263202524,"ENSG00000145741",68
69,"enrichment","Micro.1","GAREM1",2.54769109965068,0.0119501730213377,0.578079895344539,5623,0.19445857254699,"ENSG00000141441",69
70,"enrichment","Micro.1","MFN2",2.53909104557218,0.0122340638146188,0.578079895344539,35,0.543018283093555,"ENSG00000116688",70
71,"enrichment","Micro.1","RASGRP3",2.53229984369269,0.0124624966767666,0.578079895344539,694,0.639766417865583,"ENSG00000152689",71
72,"enrichment","Micro.1","TTC27",2.53119412402946,0.0125000486787212,0.578079895344539,692,0.280694783814652,"ENSG00000018699",72
73,"enrichment","Micro.1","NR3C1",2.52932386306162,0.0125637963435729,0.578079895344539,2134,0.179510375998866,"ENSG00000113580",73
74,"enrichment","Micro.1","IKBIP",2.52514759738322,0.0127071954600602,0.578079895344539,4300,0.462150094081991,"ENSG00000166130",74
75,"enrichment","Micro.1","ILK",2.52137741359577,0.0128379070909366,0.578079895344539,3743,0.492541752774958,"ENSG00000166333",75
76,"enrichment","Micro.1","TRIM38",2.52129514866268,0.0128407725624477,0.578079895344539,2266,0.195369144072695,"ENSG00000112343",76
77,"enrichment","Micro.1","NOSIP",2.5207911815554,0.0128583393555076,0.578079895344539,5930,0.504831334370078,"ENSG00000142546",77
78,"enrichment","Micro.1","CDC42SE1",2.51779648583193,0.0129631696442963,0.578079895344539,381,0.241903555863536,"ENSG00000197622",78
79,"enrichment","Micro.1","SERPINB6",2.51721495549448,0.0129836147012723,0.578079895344539,2222,0.211700073904493,"ENSG00000124570",79
80,"enrichment","Micro.1","PDLIM5",2.51641199982044,0.0130118918791034,0.578079895344539,1752,0.445143860494323,"ENSG00000163110",80
81,"enrichment","Micro.1","MAP3K7CL",2.5113151012582,0.0131926738905223,0.578079895344539,6133,0.544200211000393,"ENSG00000156265",81
82,"enrichment","Micro.1","RIPOR1",2.50870155331478,0.0132862419277185,0.578079895344539,5184,0.456674823991503,"ENSG00000039523",82
83,"enrichment","Micro.1","KLHDC4",2.50642894278093,0.0133680856184372,0.578079895344539,5244,0.523248699351461,"ENSG00000104731",83
84,"enrichment","Micro.1","CERT1",2.50460086167015,0.0134342470608718,0.578079895344539,1988,0.2056120521554,"ENSG00000113163",84
85,"enrichment","Micro.1","MAFB",2.49955413550212,0.0136184180484101,0.578079895344539,6059,0.623918400673947,"ENSG00000204103",85
86,"enrichment","Micro.1","TRIM5",2.494639360821,0.0137999375578136,0.578079895344539,3740,0.467991820927897,"ENSG00000132256",86
87,"enrichment","Micro.1","HIF1AN",2.49240262038551,0.0138832609409195,0.578079895344539,3653,0.532064508262583,"ENSG00000166135",87
88,"enrichment","Micro.1","IL6R",2.49160656717659,0.0139130238072192,0.578079895344539,398,0.202962084095961,"ENSG00000160712",88
89,"enrichment","Micro.1","ATXN7",2.49129594415633,0.0139246528296676,0.578079895344539,1307,0.159435010349418,"ENSG00000163635",89
90,"enrichment","Micro.1","MAP3K2",2.49032577308201,0.0139610297190332,0.578079895344539,897,0.152522755325301,"ENSG00000169967",90
91,"enrichment","Micro.1","ALPK1",2.4900639637709,0.0139708608673674,0.578079895344539,1780,0.176089877337566,"ENSG00000073331",91
92,"enrichment","Micro.1","ENO4",2.48961036621202,0.0139879084428785,0.578079895344539,3685,0.622049115140277,"ENSG00000188316",92
93,"enrichment","Micro.1","EIF2A",2.47925062724162,0.0143823458899606,0.578079895344539,1462,0.378922060307058,"ENSG00000144895",93
94,"enrichment","Micro.1","SSPN",2.47455128260425,0.0145645164881227,0.578079895344539,4114,0.446137455114419,"ENSG00000123096",94
95,"enrichment","Micro.1","STXBP4",2.47308566280493,0.0146217506544465,0.578079895344539,5464,0.531186533888509,"ENSG00000166263",95
96,"enrichment","Micro.1","DIAPH2-AS1",2.47232552180559,0.014651513920886,0.578079895344539,6444,0.539555605592127,"ENSG00000236256",96
97,"enrichment","Micro.1","NABP1",2.4686991438984,0.0147942489620057,0.578079895344539,1021,0.317046458655232,"ENSG00000173559",97
98,"enrichment","Micro.1","CD300A",2.46670007755614,0.0148734612252583,0.578079895344539,5526,0.39838837693912,"ENSG00000167851",98
99,"enrichment","Micro.1","ATP6AP1",2.46645734634094,0.0148831050367711,0.578079895344539,6514,0.521023650022026,"ENSG00000071553",99
100,"enrichment","Micro.1","CDYL",2.46619228256154,0.01489364249224,0.578079895344539,2229,0.143670743224894,"ENSG00000153046",100
1,"enrichment","Micro.2","IL1RAPL1",6.38883532517484,2.43648381922311e-09,1.52901041929843e-05,6365,1.2224546777824,"ENSG00000169306",1
2,"enrichment","Micro.2","PCDH9",6.25881836866717,4.67230074651926e-09,1.52901041929843e-05,4513,0.970312170938168,"ENSG00000184226",2
3,"enrichment","Micro.2","LRRC7",5.97669313013385,1.87382913958755e-08,2.78041205081111e-05,230,1.29884758725228,"ENSG00000033122",3
4,"enrichment","Micro.2","FYN",5.95088612571141,2.12407337724302e-08,2.78041205081111e-05,2453,1.74811053625853,"ENSG00000010810",4
5,"enrichment","Micro.2","PLCB1",5.78537759683345,4.71247531798918e-08,5.1405251593732e-05,5985,1.38093132601875,"ENSG00000182621",5
6,"enrichment","Micro.2","CADM2",5.61496619291408,1.05653357652815e-07,9.3856346215739e-05,1328,1.01357727276628,"ENSG00000175161",6
7,"enrichment","Micro.2","MT-ATP6",5.58245019327209,1.23058293902747e-07,9.3856346215739e-05,6538,1.21983545099826,"ENSG00000198899",7
8,"enrichment","Micro.2","PPP2R2B",5.57227185638831,1.29061438646547e-07,9.3856346215739e-05,2139,1.18309203031534,"ENSG00000156475",8
9,"enrichment","Micro.2","NLGN1",5.48609571507258,1.92778782000296e-07,0.000113280751854654,1501,1.0565551213857,"ENSG00000169760",9
10,"enrichment","Micro.2","HECW2",5.45734921892047,2.20210576287028e-07,0.000113280751854654,1025,1.26299301172548,"ENSG00000138411",10
11,"enrichment","Micro.2","TTLL7",5.44617960745942,2.31867899454445e-07,0.000113280751854654,251,1.24405614682461,"ENSG00000137941",11
12,"enrichment","Micro.2","COBL",5.43894962216612,2.39732652697835e-07,0.000113280751854654,2672,1.26150277055818,"ENSG00000106078",12
13,"enrichment","Micro.2","SLC24A2",5.43662903544078,2.42311768673057e-07,0.000113280751854654,3193,1.23310216885478,"ENSG00000155886",13
14,"enrichment","Micro.2","TMEFF2",5.40901832253001,2.75156369884758e-07,0.000120059896059716,1022,1.44512135384882,"ENSG00000144339",14
15,"enrichment","Micro.2","KCND2",5.39008030572243,3.00157091361649e-07,0.000122783010185125,2824,1.37906925489111,"ENSG00000184408",15
16,"enrichment","Micro.2","NCAM2",5.36649682225156,3.34405034494787e-07,0.000128745938280493,6125,1.07451253889199,"ENSG00000154654",16
17,"enrichment","Micro.2","MAGI2",5.26446271315176,5.31955859990493e-07,0.000193349345789709,2727,0.936960735760221,"ENSG00000187391",17
18,"enrichment","Micro.2","DCC",5.25258829430551,5.61289162720317e-07,0.000193349345789709,5651,1.33975527102693,"ENSG00000187323",18
19,"enrichment","Micro.2","SPOCK3",5.20140480802575,7.0680934946257e-07,0.000231303359611626,1851,1.16263641646004,"ENSG00000196104",19
20,"enrichment","Micro.2","PTPRD",5.14643955234984,9.03963353152759e-07,0.000269661624469852,3181,1.04910969894015,"ENSG00000153707",20
21,"enrichment","Micro.2","GRID1",5.14582983888824,9.0642562847009e-07,0.000269661624469852,3601,1.1118156793954,"ENSG00000182771",21
22,"enrichment","Micro.2","KCNH8",5.12583274618666,9.90900535543317e-07,0.000281975826310044,1182,1.24989363129643,"ENSG00000183960",22
23,"enrichment","Micro.2","TMTC2",5.08385586374996,1.19388169556792e-06,0.0003255814873955,4272,1.13497298534536,"ENSG00000179104",23
24,"enrichment","Micro.2","SOX2-OT",5.07273945161469,1.25407915307291e-06,0.000328317922274487,1515,1.06678159846561,"ENSG00000242808",24
25,"enrichment","Micro.2","SPOCK1",5.04349552502749,1.42688189563749e-06,0.000359190077190283,2106,1.14196941169915,"ENSG00000152377",25
26,"enrichment","Micro.2","ENPP2",5.02107249719361,1.57484773731421e-06,0.000381754757063759,3117,1.10522357933057,"ENSG00000136960",26
27,"enrichment","Micro.2","ERBB4",4.9822631798123,1.86690442271265e-06,0.000436388908809081,1071,1.01673742249261,"ENSG00000178568",27
28,"enrichment","Micro.2","ARFGEF3",4.95636243461476,2.09040869085962e-06,0.000471783616609524,2500,1.13303888748529,"ENSG00000112379",28
29,"enrichment","Micro.2","LIMCH1",4.9186140711514,2.46329172357544e-06,0.000537408144360041,1661,1.15646701158895,"ENSG00000064042",29
30,"enrichment","Micro.2","LINC00632",4.90186929163781,2.64866443057376e-06,0.000546777863255259,6502,1.13763697150221,"ENSG00000203930",30
31,"enrichment","Micro.2","FRMD5",4.8997281988657,2.67332186771097e-06,0.000546777863255259,4862,1.2564766101624,"ENSG00000171877",31
32,"enrichment","Micro.2","GPM6B",4.82868374338194,3.63036563870343e-06,0.000720022518342848,6340,0.892442270797094,"ENSG00000046653",32
33,"enrichment","Micro.2","PDE1C",4.81204762916151,3.89845004683086e-06,0.00075045163401494,2638,1.19019462829726,"ENSG00000154678",33
34,"enrichment","Micro.2","NRXN3",4.79505803372531,4.19199301335201e-06,0.000783902693496826,4737,0.965444115212519,"ENSG00000021645",34
35,"enrichment","Micro.2","MT-CYB",4.77940194502799,4.48137420408366e-06,0.000814738726825766,6544,1.03222008341651,"ENSG00000198727",35
36,"enrichment","Micro.2","GALNT13",4.7614042843641,4.83796359739883e-06,0.000855796533647983,941,1.05191608768156,"ENSG00000144278",36
37,"enrichment","Micro.2","ANK3",4.73309327961062,5.45512683047439e-06,0.000939573818564602,3539,0.931422449899102,"ENSG00000151150",37
38,"enrichment","Micro.2","LSAMP",4.71387473921215,5.91679547095924e-06,0.000992959650190467,1366,0.820562455829163,"ENSG00000185565",38
39,"enrichment","Micro.2","DNAJC6",4.66161560941123,7.37146942220768e-06,0.00120615668420873,221,1.03540673228491,"ENSG00000116675",39
40,"enrichment","Micro.2","SH3GL3",4.61249176857836,9.05027305623686e-06,0.00144473261348952,4999,1.05043063805567,"ENSG00000140600",40
41,"enrichment","Micro.2","MLLT3",4.60106828441107,9.49062331846711e-06,0.00145592324036393,3194,1.17073295397181,"ENSG00000171843",41
42,"enrichment","Micro.2","MDGA2",4.59918268196261,9.56527109788375e-06,0.00145592324036393,4628,1.06907577583339,"ENSG00000139915",42
43,"enrichment","Micro.2","PTPRK",4.59143174379958,9.87811677948284e-06,0.00146936987094807,2479,1.02912839678706,"ENSG00000152894",43
44,"enrichment","Micro.2","PPFIA2",4.57919236503592,1.0392339229766e-05,0.00151150800575152,4270,0.884688415196417,"ENSG00000139220",44
45,"enrichment","Micro.2","LRP1B",4.57339957711878,1.06446352459234e-05,0.00151454647140366,920,0.801838177222675,"ENSG00000168702",45
46,"enrichment","Micro.2","CNTN1",4.54488687374137,1.19751287617844e-05,0.00163715628431589,4137,1.04191339152542,"ENSG00000018236",46
47,"enrichment","Micro.2","SIK3",4.54424919490329,1.20066465465489e-05,0.00163715628431589,4002,0.338114539981314,"ENSG00000160584",47
48,"enrichment","Micro.2","NKAIN2",4.53533969769417,1.24554643671833e-05,0.00166369416904519,2472,0.898758004040577,"ENSG00000188580",48
49,"enrichment","Micro.2","CLU",4.53007839172496,1.27280590531212e-05,0.00166610293005357,2965,0.834386289401614,"ENSG00000120885",49
50,"enrichment","Micro.2","ZNF704",4.50772101929321,1.39519739814564e-05,0.00176525915994152,3055,1.00383778696064,"ENSG00000164684",50
51,"enrichment","Micro.2","ENOX1",4.50644796868622,1.40249772829579e-05,0.00176525915994152,4475,1.03427077229278,"ENSG00000120658",51
52,"enrichment","Micro.2","ST18",4.44907236167585,1.77260114683735e-05,0.00218899518982084,3005,1.17174869025951,"ENSG00000147488",52
53,"enrichment","Micro.2","MBP",4.42054029720819,1.99006034586552e-05,0.00241202684512775,5686,0.295913627430139,"ENSG00000197971",53
54,"enrichment","Micro.2","KCNQ5",4.40689926273288,2.10289079209658e-05,0.00250244004259493,2379,1.08011892606348,"ENSG00000185760",54
55,"enrichment","Micro.2","DPP6",4.399037364565,2.17069043523893e-05,0.0025369944461855,2903,1.06555837394551,"ENSG00000130226",55
56,"enrichment","Micro.2","TRIM9",4.37983492790116,2.34524749676193e-05,0.00269292015198366,4637,0.99591444304439,"ENSG00000100505",56
57,"enrichment","Micro.2","LINC03051",4.34139848907485,2.73608110207113e-05,0.00308752600225096,1367,1.06266521737327,"ENSG00000239268",57
58,"enrichment","Micro.2","CTNND2",4.33302907843194,2.82912650037593e-05,0.00313377069445167,1892,0.884685689549763,"ENSG00000169862",58
59,"enrichment","Micro.2","MOBP",4.32625740621082,2.90662765147286e-05,0.00313377069445167,1227,1.0585412305384,"ENSG00000168314",59
60,"enrichment","Micro.2","SLCO3A1",4.3250462153168,2.92070301545533e-05,0.00313377069445167,5013,1.06847538903026,"ENSG00000176463",60
61,"enrichment","Micro.2","PALM2AKAP2",4.31417221701605,3.05003872457148e-05,0.00321975862134199,3324,0.839139077666478,"ENSG00000157654",61
62,"enrichment","Micro.2","ENSG00000227088",4.30086700369616,3.2157859170533e-05,0.00334084425827204,815,1.12499095409106,"ENSG00000227088",62
63,"enrichment","Micro.2","DOCK9",4.295846072833,3.28055404927726e-05,0.0033548791019562,4539,1.09412001016001,"ENSG00000088387",63
64,"enrichment","Micro.2","AK5",4.28605201173173,3.4105171819588e-05,0.00343412845475697,242,0.990324608136158,"ENSG00000154027",64
65,"enrichment","Micro.2","NCAM1",4.27898519136919,3.50734634729349e-05,0.00347811846106604,3998,0.891296289992993,"ENSG00000149294",65
66,"enrichment","Micro.2","CDH20",4.27081861442877,3.62253228526914e-05,0.00349818458121666,5665,0.913693067078684,"ENSG00000101542",66
67,"enrichment","Micro.2","SOX6",4.26998602493174,3.63447748697835e-05,0.00349818458121666,3772,0.983340961202175,"ENSG00000110693",67
68,"enrichment","Micro.2","CDC42BPA",4.24946362015076,3.9411518762165e-05,0.00373838246809232,582,0.858193261366344,"ENSG00000143776",68
69,"enrichment","Micro.2","CALM3",4.23204056925257,4.22085874911569e-05,0.00394650293042317,5912,0.785574952454717,"ENSG00000160014",69
70,"enrichment","Micro.2","GRM3",4.1180870528833,6.57800660947518e-05,0.00606381031817113,2732,0.836002146197222,"ENSG00000198822",70
71,"enrichment","Micro.2","APLP1",4.10841737479935,6.82777949427854e-05,0.00614033794308697,5855,0.846978409571123,"ENSG00000105290",71
72,"enrichment","Micro.2","ADGRL3",4.10762447813368,6.84865805722458e-05,0.00614033794308697,1686,0.743107684230767,"ENSG00000150471",72
73,"enrichment","Micro.2","JUND",4.10207815130095,6.99642089894235e-05,0.00618805064642942,5805,0.664913419474583,"ENSG00000130522",73
74,"enrichment","Micro.2","MT3",4.0975519985951,7.11925928934673e-05,0.00621274027316991,5166,0.850909961802071,"ENSG00000087250",74
75,"enrichment","Micro.2","SORBS2",4.08858443311598,7.36875449924227e-05,0.0063458550259922,1875,1.09660361378863,"ENSG00000154556",75
76,"enrichment","Micro.2","KALRN",4.0748430912892,7.76735109691873e-05,0.00660224843238092,1392,0.951076081568173,"ENSG00000160145",76
77,"enrichment","Micro.2","ROBO1",4.04741867195598,8.62530906786628e-05,0.00723751895502369,1325,0.969909250199721,"ENSG00000169855",77
78,"enrichment","Micro.2","SCD5",4.04227176227228,8.79610881112833e-05,0.00724033776346179,1720,0.953708500137004,"ENSG00000145284",78
79,"enrichment","Micro.2","PTGDS",4.03834917030278,8.92844378349345e-05,0.00724033776346179,3423,0.855203426216579,"ENSG00000107317",79
80,"enrichment","Micro.2","PPP1R9A",4.03740615550072,8.96054024202299e-05,0.00724033776346179,2756,1.00607109705768,"ENSG00000158528",80
81,"enrichment","Micro.2","MT-ND2",4.03132260210573,9.17026364635748e-05,0.00731943604456216,6535,0.836359241281253,"ENSG00000198763",81
82,"enrichment","Micro.2","PEX5L",4.01196590357925,9.86919264544043e-05,0.00778239347763948,1512,0.953704535729743,"ENSG00000114757",82
83,"enrichment","Micro.2","RGS7",3.9996007392476,0.000103419795383471,0.00805812572362879,616,0.996850437271805,"ENSG00000182901",83
84,"enrichment","Micro.2","RALYL",3.99059381224157,0.000106998843229689,0.00811066746538173,3057,1.01727121252284,"ENSG00000184672",84
85,"enrichment","Micro.2","SRRM2",3.98997378691829,0.000107249518732135,0.00811066746538173,5050,0.267251947509115,"ENSG00000167978",85
86,"enrichment","Micro.2","ZNF536",3.98858810380032,0.000107811775322874,0.00811066746538173,5839,0.925111109109334,"ENSG00000198597",86
87,"enrichment","Micro.2","RBFOX1",3.97484792965634,0.000113541287626113,0.00844463326719214,5063,0.878392908029937,"ENSG00000078328",87
88,"enrichment","Micro.2","RNF220",3.9655916916972,0.000117563486973117,0.00864553957571964,168,0.887645348136385,"ENSG00000187147",88
89,"enrichment","Micro.2","MT-ND4",3.96003054716671,0.00012004496310658,0.00872993648369516,6542,0.80003714558356,"ENSG00000198886",89
90,"enrichment","Micro.2","NOVA1",3.94209844355025,0.000128391083991706,0.0092342818101727,4594,0.877019854484072,"ENSG00000139910",90
91,"enrichment","Micro.2","LRRTM4",3.92567031016467,0.000136520055493255,0.00971221481742774,814,0.850335132861078,"ENSG00000176204",91
92,"enrichment","Micro.2","PDZD2",3.904619770648,0.000147654337480022,0.0103913724602876,1906,0.979546866563097,"ENSG00000133401",92
93,"enrichment","Micro.2","PRUNE2",3.90131860620377,0.000149476981199558,0.010407732361182,3255,0.75047193970293,"ENSG00000106772",93
94,"enrichment","Micro.2","KHDRBS2",3.89609335863792,0.00015240579278478,0.0104999569871198,2371,0.964811716197958,"ENSG00000112232",94
95,"enrichment","Micro.2","ARPP21",3.88073311415873,0.000161334909660348,0.0109993435804893,1210,0.951108218761125,"ENSG00000172995",95
96,"enrichment","Micro.2","CAMK2N1",3.87209446430412,0.000166573063657673,0.0112393886766956,64,0.806424793753423,"ENSG00000162545",96
97,"enrichment","Micro.2","CSMD3",3.86925692181234,0.000168328651485872,0.011241949224235,3111,0.845024980823402,"ENSG00000164796",97
98,"enrichment","Micro.2","MT-CO1",3.86360019541482,0.00017188110883527,0.0113632510841095,6536,0.661046612532466,"ENSG00000198804",98
99,"enrichment","Micro.2","STXBP5L",3.83970219177047,0.000187691193603278,0.0122843886213345,1375,0.940999656559728,"ENSG00000145087",99
100,"enrichment","Micro.2","PIP4K2A",3.83104557788418,0.000193751811277838,0.0125555010377569,3476,0.214477436681959,"ENSG00000150867",100
1,"enrichment","Micro.3","EIF1B-AS1",7.97718451683086,5.38207205609486e-13,3.52256616071409e-09,1229,4.4369378095936,"ENSG00000280739",1
2,"enrichment","Micro.3","MYRIP",3.58509364207152,0.00046791072872342,0.978056411352714,1228,0.982944332083764,"ENSG00000170011",2
3,"enrichment","Micro.3","FBXL17",3.48363270346052,0.000664990860300668,0.978056411352714,2042,0.226997281638692,"ENSG00000145743",3
4,"enrichment","Micro.3","SPATS2L",3.33900211167095,0.00108381770649094,0.978056411352714,1034,0.508881915125653,"ENSG00000196141",4
5,"enrichment","Micro.3","ATF7IP",3.3180873405497,0.00116170578540304,0.978056411352714,4092,0.233349395273709,"ENSG00000171681",5
6,"enrichment","Micro.3","SEC22B",3.20383660156041,0.00168778564937455,0.978056411352714,346,0.622282764365548,"ENSG00000265808",6
7,"enrichment","Micro.3","SHOC1",3.11805986431108,0.0022202074108004,0.978056411352714,3330,0.82503184305136,"ENSG00000165181",7
8,"enrichment","Micro.3","RNASEH2B-AS1",2.98895836027465,0.00332024701526974,0.978056411352714,4503,0.721107310179397,"ENSG00000233672",8
9,"enrichment","Micro.3","ENSG00000225889",2.884860877396,0.00455162149525056,0.978056411352714,771,0.363582991135004,"ENSG00000225889",9
10,"enrichment","Micro.3","STIMATE",2.8620679027942,0.00487180884072252,0.978056411352714,1286,0.593711309232589,"ENSG00000213533",10
11,"enrichment","Micro.3","RASAL2",2.83764752040065,0.00523761075813553,0.978056411352714,465,0.162668129524741,"ENSG00000075391",11
12,"enrichment","Micro.3","FOLR2",2.82057989961723,0.00550798337202092,0.978056411352714,3902,0.62592646097393,"ENSG00000165457",12
13,"enrichment","Micro.3","ENO4",2.79859741603186,0.0058749665706425,0.978056411352714,3685,0.716946829587147,"ENSG00000188316",13
14,"enrichment","Micro.3","KDM1B",2.78867834240961,0.00604774294804944,0.978056411352714,2257,0.273913845487872,"ENSG00000165097",14
15,"enrichment","Micro.3","ENSG00000291075",2.77820901232298,0.00623511284690372,0.978056411352714,3233,0.31882538223063,"ENSG00000291075",15
16,"enrichment","Micro.3","RSRP1",2.75848689453804,0.00660249557049818,0.978056411352714,83,0.204853304919374,"ENSG00000117616",16
17,"enrichment","Micro.3","ANKUB1",2.75445952843086,0.00667989476786895,0.978056411352714,1458,0.692105791360937,"ENSG00000206199",17
18,"enrichment","Micro.3","BCAT1",2.74861826581131,0.00679361986562576,0.978056411352714,4108,0.275378123758379,"ENSG00000060982",18
19,"enrichment","Micro.3","TFEC",2.74091815935773,0.00694622275392126,0.978056411352714,2820,0.259285718824847,"ENSG00000105967",19
20,"enrichment","Micro.3","SLX4IP",2.73884667770831,0.00698780393823895,0.978056411352714,5987,0.254054779271228,"ENSG00000149346",20
21,"enrichment","Micro.3","RPAP3",2.70487925458795,0.00770265365783294,0.978056411352714,4154,0.459604658658715,"ENSG00000005175",21
22,"enrichment","Micro.3","VPS54",2.69105646987388,0.00801205898264002,0.978056411352714,769,0.195384007491826,"ENSG00000143952",22
23,"enrichment","Micro.3","BMP2K",2.68239883281444,0.00821153539852171,0.978056411352714,1714,0.164553937630005,"ENSG00000138756",23
24,"enrichment","Micro.3","EIF4EBP2",2.6663005112372,0.00859443226801486,0.978056411352714,3560,0.553750389732887,"ENSG00000148730",24
25,"enrichment","Micro.3","RBM33",2.65183462136678,0.00895218868409464,0.978056411352714,2905,0.144372972523974,"ENSG00000184863",25
26,"enrichment","Micro.3","CCDC32",2.60606924463384,0.0101742836052492,0.978056411352714,4836,0.591699000677098,"ENSG00000128891",26
27,"enrichment","Micro.3","SMURF2",2.59855898156269,0.0103885964424037,0.978056411352714,5507,0.168147747066913,"ENSG00000108854",27
28,"enrichment","Micro.3","CXorf38",2.58505490040375,0.0107841873970619,0.978056411352714,6374,0.477473260899001,"ENSG00000185753",28
29,"enrichment","Micro.3","DMXL2",2.57929029326898,0.0109571416127831,0.978056411352714,4889,0.257219222007883,"ENSG00000104093",29
30,"enrichment","Micro.3","NOTCH2NLC",2.57642352967669,0.0110440768293905,0.978056411352714,365,0.534964927747278,"ENSG00000286219",30
31,"enrichment","Micro.3","CFLAR",2.5605032851303,0.0115382307673506,0.978056411352714,1038,0.179375693748389,"ENSG00000003402",31
32,"enrichment","Micro.3","UGGT1",2.54226622848096,0.0121286023348118,0.978056411352714,901,0.206805870181825,"ENSG00000136731",32
33,"enrichment","Micro.3","SLC8A1",2.51638460172876,0.0130129078717465,0.978056411352714,715,0.127875459136648,"ENSG00000183023",33
34,"enrichment","Micro.3","RNF111",2.51143260620459,0.0131885314447248,0.978056411352714,4909,0.178840720785389,"ENSG00000157450",34
35,"enrichment","Micro.3","STX7",2.49841690152361,0.0136602807170463,0.978056411352714,2488,0.166756612021102,"ENSG00000079950",35
36,"enrichment","Micro.3","ENSG00000228655",2.48614984091471,0.0141186299292181,0.978056411352714,923,0.604302105404752,"ENSG00000228655",36
37,"enrichment","Micro.3","PDLIM5",2.44866288951647,0.0156054907934967,0.978056411352714,1752,0.447181685252422,"ENSG00000163110",37
38,"enrichment","Micro.3","TM9SF2",2.43800240773377,0.01605302010516,0.978056411352714,4542,0.210184059099907,"ENSG00000125304",38
39,"enrichment","Micro.3","TNFAIP2",2.43730220902131,0.0160828099143884,0.978056411352714,4791,0.518930174278932,"ENSG00000185215",39
40,"enrichment","Micro.3","GPNMB",2.42570420255077,0.0165834411158487,0.978056411352714,2612,0.718363614951558,"ENSG00000136235",40
41,"enrichment","Micro.3","SLC8A1-AS1",2.41857015050804,0.0168982134778226,0.978056411352714,714,0.626071701569805,"ENSG00000227028",41
42,"enrichment","Micro.3","EXOC4",2.41536200184691,0.0170414850858626,0.978056411352714,2853,0.125940893538777,"ENSG00000131558",42
43,"enrichment","Micro.3","AAMDC",2.41490637717963,0.0170619198182422,0.978056411352714,3929,0.494593613743561,"ENSG00000087884",43
44,"enrichment","Micro.3","ZNF738",2.41119256894406,0.0172292961084074,0.978056411352714,5829,0.501024003285272,"ENSG00000172687",44
45,"enrichment","Micro.3","MILR1",2.41090639250593,0.0172422539132804,0.978056411352714,5503,0.312656032417682,"ENSG00000271605",45
46,"enrichment","Micro.3","ENSG00000255968",2.40675607578619,0.0174311502477619,0.978056411352714,4115,0.587753914573882,"ENSG00000255968",46
47,"enrichment","Micro.3","ZC3H8",2.39905021734662,0.0177867427054368,0.978056411352714,873,0.427720116816849,"ENSG00000144161",47
48,"enrichment","Micro.3","RAB3GAP1",2.3978230948467,0.0178439584733389,0.978056411352714,911,0.15996942776738,"ENSG00000115839",48
49,"enrichment","Micro.3","MRPS31",2.39257469077251,0.0180905142382123,0.978056411352714,4466,0.420465678054934,"ENSG00000102738",49
50,"enrichment","Micro.3","CTSD",2.38117905754277,0.0186362594902899,0.978056411352714,3730,0.566819692670355,"ENSG00000117984",50
51,"enrichment","Micro.3","SNAPC1",2.38022431865824,0.0186826371070031,0.978056411352714,4675,0.578428009624931,"ENSG00000023608",51
52,"enrichment","Micro.3","CAST",2.38014780883152,0.0186863580802253,0.978056411352714,2033,0.17958975265605,"ENSG00000153113",52
53,"enrichment","Micro.3","HEXA",2.37524525007952,0.0189261596002139,0.978056411352714,4961,0.200553411496177,"ENSG00000213614",53
54,"enrichment","Micro.3","CHURC1",2.37494084925028,0.0189411382353295,0.978056411352714,4680,0.547131750468635,"ENSG00000258289",54
55,"enrichment","Micro.3","UACA",2.36117389710122,0.0196296163262968,0.978056411352714,4956,0.518693109761089,"ENSG00000137831",55
56,"enrichment","Micro.3","CXCL12",2.36100830760434,0.0196380301438187,0.978056411352714,3514,0.496648121862275,"ENSG00000107562",56
57,"enrichment","Micro.3","PAQR3",2.35616724470084,0.0198854223524912,0.978056411352714,1715,0.540106194489223,"ENSG00000163291",57
58,"enrichment","Micro.3","PFKFB2",2.35503532070063,0.0199436621809682,0.978056411352714,533,0.449593883314073,"ENSG00000123836",58
59,"enrichment","Micro.3","NIPSNAP2",2.33968787855302,0.0207483057585236,0.978056411352714,2675,0.323000062234796,"ENSG00000146729",59
60,"enrichment","Micro.3","LPCAT3",2.33522233519876,0.0209877392486788,0.978056411352714,4067,0.533124281049729,"ENSG00000111684",60
61,"enrichment","Micro.3","CPM",2.3177461383238,0.0219483401447731,0.978056411352714,4248,0.519181539858204,"ENSG00000135678",61
62,"enrichment","Micro.3","SCN1B",2.31770939064439,0.0219504001129722,0.978056411352714,5853,0.498483378046637,"ENSG00000105711",62
63,"enrichment","Micro.3","TPP2",2.31625884253107,0.0220318495870231,0.978056411352714,4546,0.201179195827791,"ENSG00000134900",63
64,"enrichment","Micro.3","ITGA5",2.30684474217568,0.0225669482373374,0.978056411352714,4199,0.406112139462283,"ENSG00000161638",64
65,"enrichment","Micro.3","MAT2B",2.30351041400606,0.0227591923263509,0.978056411352714,2170,0.50632299408954,"ENSG00000038274",65
66,"enrichment","Micro.3","MICA",2.30257858709205,0.0228131743116064,0.978056411352714,2287,0.45037081478839,"ENSG00000204520",66
67,"enrichment","Micro.3","VPS13D",2.29200470462408,0.0234336565511113,0.978056411352714,37,0.127111090640615,"ENSG00000048707",67
68,"enrichment","Micro.3","CCDC12",2.28251733349301,0.0240029359332249,0.978056411352714,1252,0.47608236769876,"ENSG00000160799",68
69,"enrichment","Micro.3","FBXL4",2.28035927941689,0.0241341077476791,0.978056411352714,2419,0.194680816529174,"ENSG00000112234",69
70,"enrichment","Micro.3","ENSG00000287195",2.27754754250144,0.0243059543750895,0.978056411352714,3135,0.524834307732351,"ENSG00000287195",70
71,"enrichment","Micro.3","TANC2",2.27306588019806,0.0245820797455857,0.978056411352714,5492,0.204404092335407,"ENSG00000170921",71
72,"enrichment","Micro.3","ENSG00000286787",2.27296036832378,0.0245886135438411,0.978056411352714,5963,0.493464466207764,"ENSG00000286787",72
73,"enrichment","Micro.3","ENSG00000271533",2.2726996526538,0.0246047648246088,0.978056411352714,6429,0.479755354834628,"ENSG00000271533",73
74,"enrichment","Micro.3","LINC02615",2.25851328994495,0.0254977326193863,0.978056411352714,1799,0.471925577435221,"ENSG00000251432",74
75,"enrichment","Micro.3","TDP2",2.25225424000488,0.0259006411754795,0.978056411352714,2263,0.418999166458715,"ENSG00000111802",75
76,"enrichment","Micro.3","SNX7",2.25169473795145,0.0259369270717412,0.978056411352714,287,0.409806996028625,"ENSG00000162627",76
77,"enrichment","Micro.3","TRPM3",2.2488674981078,0.0261209650175225,0.978056411352714,3246,0.571279311253594,"ENSG00000083067",77
78,"enrichment","Micro.3","PPP1R10",2.24240153301911,0.026546158947483,0.978056411352714,2279,0.34535870690792,"ENSG00000204569",78
79,"enrichment","Micro.3","ADA2",2.23869831812078,0.0267923900672271,0.978056411352714,6196,0.326934016630345,"ENSG00000093072",79
80,"enrichment","Micro.3","AKR1B1",2.23773821865841,0.0268565527865353,0.978056411352714,2855,0.442920038598625,"ENSG00000085662",80
81,"enrichment","Micro.3","FAM199X",2.23478521456833,0.0270547412652107,0.978056411352714,6455,0.481264253021352,"ENSG00000123575",81
82,"enrichment","Micro.3","INTS6",2.22950712257582,0.0274121568001468,0.978056411352714,4505,0.182328428758774,"ENSG00000102786",82
83,"enrichment","Micro.3","RHOQ",2.22511776179459,0.0277125199687924,0.978056411352714,731,0.207325559369561,"ENSG00000119729",83
84,"enrichment","Micro.3","CPEB2",2.2251010444149,0.0277136693993909,0.978056411352714,1612,0.337680418992457,"ENSG00000137449",84
85,"enrichment","Micro.3","MBNL3",2.22196126264762,0.0279302885196665,0.978056411352714,6490,0.449722289957036,"ENSG00000076770",85
86,"enrichment","Micro.3","LINC01145",2.21847410944846,0.028172601644759,0.978056411352714,355,0.468412394044576,"ENSG00000290867",86
87,"enrichment","Micro.3","GATAD1",2.21832505008236,0.0281830000832515,0.978056411352714,2745,0.318725910802243,"ENSG00000157259",87
88,"enrichment","Micro.3","RWDD3",2.2160375653682,0.0283429957949195,0.978056411352714,284,0.506318921807174,"ENSG00000122481",88
89,"enrichment","Micro.3","ARMCX4",2.21417048536024,0.0284741725898767,0.978056411352714,6448,0.20693450183702,"ENSG00000196440",89
90,"enrichment","Micro.3","CAB39L",2.20718294924134,0.0289698041135583,0.978056411352714,4494,0.473193279002333,"ENSG00000102547",90
91,"enrichment","Micro.3","MED12L",2.20264542089459,0.0292956605933487,0.978056411352714,1464,0.364141361955063,"ENSG00000144893",91
92,"enrichment","Micro.3","SETDB2",2.19869566124807,0.0295818981101078,0.978056411352714,4495,0.375246534032406,"ENSG00000136169",92
93,"enrichment","Micro.3","ENSG00000257735",2.17855196934185,0.0310798327001112,0.978056411352714,4159,0.441541955985136,"ENSG00000257735",93
94,"enrichment","Micro.3","IFT43",2.17736408408489,0.0311701863231665,0.978056411352714,4723,0.441178234385219,"ENSG00000119650",94
95,"enrichment","Micro.3","MARK4",2.17128322589741,0.0316362897600722,0.978056411352714,5907,0.428842636363907,"ENSG00000007047",95
96,"enrichment","Micro.3","ETFA",2.17048130250757,0.0316982067226622,0.978056411352714,4978,0.28302871256288,"ENSG00000140374",96
97,"enrichment","Micro.3","ZNF280C",2.16648397234391,0.0320084122934152,0.978056411352714,6485,0.459721927135756,"ENSG00000056277",97
98,"enrichment","Micro.3","COX10-DT",2.16645704883428,0.0320105105313347,0.978056411352714,5316,0.228800895250026,"ENSG00000236088",98
99,"enrichment","Micro.3","ZNF330",2.16474025200158,0.0321445525279419,0.978056411352714,1811,0.401348750362428,"ENSG00000109445",99
100,"enrichment","Micro.3","PDXDC1",2.15753083484514,0.0327127631458596,0.978056411352714,5082,0.222085389140247,"ENSG00000179889",100
1,"enrichment","Micro.4","CDIN1",8.80988192485804,5.03145007087438e-15,3.29308407138728e-11,4829,3.49066033839233,"ENSG00000186073",1
2,"enrichment","Micro.4","UGGT2",3.39693581711585,0.000892812058627705,0.909255707944059,4532,0.235336558715617,"ENSG00000102595",2
3,"enrichment","Micro.4","DCTN4",3.22905547469839,0.00155548476643953,0.909255707944059,2150,0.307159657777634,"ENSG00000132912",3
4,"enrichment","Micro.4","MS4A4A",3.21233221648027,0.0016420954078013,0.909255707944059,3841,0.667494083918024,"ENSG00000110079",4
5,"enrichment","Micro.4","COG5",2.95874212907772,0.00364167250872364,0.909255707944059,2807,0.162518215036161,"ENSG00000164597",5
6,"enrichment","Micro.4","SGK3",2.94906932129694,0.00375045755876783,0.909255707944059,3033,0.22735287621383,"ENSG00000104205",6
7,"enrichment","Micro.4","WDFY2",2.90620929320208,0.00426933665542241,0.909255707944059,4506,0.198299614743536,"ENSG00000139668",7
8,"enrichment","Micro.4","PAQR3",2.86014139003116,0.00489981015668201,0.909255707944059,1715,0.63927936650814,"ENSG00000163291",8
9,"enrichment","Micro.4","CHCHD7",2.85887754630283,0.00491824937607355,0.909255707944059,3015,0.665063014250045,"ENSG00000170791",9
10,"enrichment","Micro.4","DNAJC21",2.82023877339429,0.0055135314280045,0.909255707944059,1913,0.465847881761536,"ENSG00000168724",10
11,"enrichment","Micro.4","SCAF4",2.815579689434,0.00558958800668045,0.909255707944059,6137,0.247415412168455,"ENSG00000156304",11
12,"enrichment","Micro.4","TTC33",2.80396581387513,0.00578336117759391,0.909255707944059,1927,0.566054335201434,"ENSG00000113638",12
13,"enrichment","Micro.4","VPS36",2.77425731980777,0.00630721719801721,0.909255707944059,4510,0.256586456863527,"ENSG00000136100",13
14,"enrichment","Micro.4","DCAF1",2.76964678551308,0.00639228024997117,0.909255707944059,1277,0.407496206262198,"ENSG00000145041",14
15,"enrichment","Micro.4","LRRC8C-DT",2.7498079287431,0.00677033509224907,0.909255707944059,265,0.556940757993108,"ENSG00000231999",15
16,"enrichment","Micro.4","YIPF6",2.68431856872132,0.00816694076493864,0.909255707944059,6415,0.544640445241161,"ENSG00000181704",16
17,"enrichment","Micro.4","GPX1",2.68314064983589,0.00819429004244072,0.909255707944059,1267,0.612651606634339,"ENSG00000233276",17
18,"enrichment","Micro.4","SERPINB6",2.67165289875943,0.00846539305854306,0.909255707944059,2222,0.227352299259773,"ENSG00000124570",18
19,"enrichment","Micro.4","ENSG00000291100",2.66341393860732,0.00866479247545945,0.909255707944059,6016,0.425011639754561,"ENSG00000291100",19
20,"enrichment","Micro.4","NSUN4",2.65355216852534,0.00890904145690546,0.909255707944059,181,0.594321487512083,"ENSG00000117481",20
21,"enrichment","Micro.4","NAF1",2.64788858721313,0.00905210706086246,0.909255707944059,1845,0.449270499029963,"ENSG00000145414",21
22,"enrichment","Micro.4","MAT2B",2.64024300440463,0.0092485282906775,0.909255707944059,2170,0.567750139995511,"ENSG00000038274",22
23,"enrichment","Micro.4","KIAA2026",2.6358711382937,0.00936256535059938,0.909255707944059,3178,0.167673734392556,"ENSG00000183354",23
24,"enrichment","Micro.4","STK38L",2.61931357109156,0.00980604352373155,0.909255707944059,4120,0.244057655261225,"ENSG00000211455",24
25,"enrichment","Micro.4","AP3B1",2.61510088522316,0.00992185527871819,0.909255707944059,1996,0.163827982335053,"ENSG00000132842",25
26,"enrichment","Micro.4","SNX18",2.61165916027168,0.0100173851544236,0.909255707944059,1945,0.224722662941601,"ENSG00000178996",26
27,"enrichment","Micro.4","DCK",2.6059380846926,0.0101780154065147,0.909255707944059,1696,0.562330352489764,"ENSG00000156136",27
28,"enrichment","Micro.4","ARIH1",2.59989157440221,0.0103502993358244,0.909255707944059,4962,0.165700066165308,"ENSG00000166233",28
29,"enrichment","Micro.4","NUP35",2.59841895332836,0.0103926542483232,0.909255707944059,1005,0.583216630617727,"ENSG00000163002",29
30,"enrichment","Micro.4","RHOQ-AS1",2.59112600301535,0.0106047178186428,0.909255707944059,732,0.60191976393709,"ENSG00000250116",30
31,"enrichment","Micro.4","CHD1-DT",2.56720929347107,0.0113277365715883,0.909255707944059,2038,0.584010981338819,"ENSG00000248489",31
32,"enrichment","Micro.4","SCFD2",2.54303924005357,0.0121030647890976,0.909255707944059,1675,0.360171395838404,"ENSG00000184178",32
33,"enrichment","Micro.4","IL1RAP",2.54016190053747,0.0121984625291009,0.909255707944059,1540,0.244277850625606,"ENSG00000196083",33
34,"enrichment","Micro.4","CD163",2.53943526259719,0.0122226603844974,0.909255707944059,4069,0.810753387531845,"ENSG00000177575",34
35,"enrichment","Micro.4","OGA",2.53844246538948,0.0122557911465382,0.909255707944059,3657,0.16797130908963,"ENSG00000198408",35
36,"enrichment","Micro.4","NDUFAF6",2.51437957584751,0.0130837896567124,0.909255707944059,3074,0.241139335302488,"ENSG00000156170",36
37,"enrichment","Micro.4","ACAP2",2.50676272111877,0.0133561148021986,0.909255707944059,1549,0.119601054244243,"ENSG00000114331",37
38,"enrichment","Micro.4","TXNRD3",2.49527570858139,0.0137763928731002,0.909255707944059,1399,0.548144911941012,"ENSG00000197763",38
39,"enrichment","Micro.4","SLC49A4",2.48014099153037,0.0143481411680414,0.909255707944059,1388,0.360836329127998,"ENSG00000138463",39
40,"enrichment","Micro.4","PRPF18",2.46732198156751,0.0148488599742867,0.909255707944059,3455,0.32196517183832,"ENSG00000165630",40
41,"enrichment","Micro.4","STAT5B",2.46685129355935,0.0148675380707251,0.909255707944059,5415,0.206209629113029,"ENSG00000173757",41
42,"enrichment","Micro.4","PUM2",2.46634532548097,0.0148876395087112,0.909255707944059,658,0.134072556302667,"ENSG00000055917",42
43,"enrichment","Micro.4","YTHDC2",2.46358928800409,0.014997558871389,0.909255707944059,2054,0.166135526241491,"ENSG00000047188",43
44,"enrichment","Micro.4","FAM114A1",2.45602420077018,0.0153030018954255,0.909255707944059,1645,0.504790863273666,"ENSG00000197712",44
45,"enrichment","Micro.4","BRAP",2.45242683676605,0.0154501796515771,0.909255707944059,4347,0.544708629139063,"ENSG00000089234",45
46,"enrichment","Micro.4","NEDD1",2.44933837120953,0.015577540442552,0.909255707944059,4297,0.471395037614338,"ENSG00000139350",46
47,"enrichment","Micro.4","BACH2",2.44913454688932,0.0155859784194549,0.909255707944059,2414,0.658511301897396,"ENSG00000112182",47
48,"enrichment","Micro.4","TMEM33",2.4405804268625,0.0159437903726014,0.909255707944059,1662,0.400857661966538,"ENSG00000109133",48
49,"enrichment","Micro.4","ENSG00000261684",2.43968891204275,0.0159814987028365,0.909255707944059,4852,0.54316856652849,"ENSG00000261684",49
50,"enrichment","Micro.4","CREG1",2.43183956592587,0.0163169382560988,0.909255707944059,437,0.375491677451975,"ENSG00000143162",50
51,"enrichment","Micro.4","SPATA7",2.42896692411282,0.0164412542876172,0.909255707944059,4746,0.475728019174187,"ENSG00000042317",51
52,"enrichment","Micro.4","SUCNR1",2.41925393333473,0.0168678453013342,0.909255707944059,1469,0.532264931059859,"ENSG00000198829",52
53,"enrichment","Micro.4","CCND1",2.41853511064273,0.0168998026543707,0.909255707944059,3895,0.373828881141923,"ENSG00000110092",53
54,"enrichment","Micro.4","PTPRE",2.39494976086479,0.0179785996806692,0.909255707944059,3716,0.140653792338039,"ENSG00000132334",54
55,"enrichment","Micro.4","RAPGEF6",2.38544321815005,0.0184303948378613,0.909255707944059,2083,0.151316653361384,"ENSG00000158987",55
56,"enrichment","Micro.4","RCBTB2",2.38482832666691,0.018459960296592,0.909255707944059,4492,0.229865381045798,"ENSG00000136161",56
57,"enrichment","Micro.4","ZKSCAN1",2.38260438193092,0.0185672435628509,0.909255707944059,2772,0.30908760473876,"ENSG00000106261",57
58,"enrichment","Micro.4","CLEC16A",2.38116160346463,0.0186371379496398,0.909255707944059,5072,0.224845371742644,"ENSG00000038532",58
59,"enrichment","Micro.4","NDUFB8",2.3440400325592,0.0205173046367089,0.909255707944059,3652,0.4196212624056,"ENSG00000166136",59
60,"enrichment","Micro.4","C5AR1",2.34019499746436,0.0207213009037415,0.909255707944059,5916,0.549273167768631,"ENSG00000197405",60
61,"enrichment","Micro.4","CAB39",2.33569359626998,0.0209623900099007,0.909255707944059,1102,0.14175994927876,"ENSG00000135932",61
62,"enrichment","Micro.4","KPNA4",2.32915571536553,0.0213169510046311,0.909255707944059,1485,0.18563071010178,"ENSG00000186432",62
63,"enrichment","Micro.4","ZNF445",2.3204094120311,0.0217995305503445,0.909255707944059,1243,0.457464759840767,"ENSG00000185219",63
64,"enrichment","Micro.4","GPATCH8",2.31299178901502,0.0222163055499828,0.909255707944059,5430,0.12174923883829,"ENSG00000186566",64
65,"enrichment","Micro.4","SLC35A3",2.31230775178215,0.0222550901843541,0.909255707944059,290,0.243681611930851,"ENSG00000117620",65
66,"enrichment","Micro.4","DR1",2.30678963389975,0.022570148217618,0.909255707944059,280,0.443303257728448,"ENSG00000117505",66
67,"enrichment","Micro.4","TMEM168",2.30484958638859,0.0226818431446453,0.909255707944059,2817,0.285196079637585,"ENSG00000146802",67
68,"enrichment","Micro.4","UBE2A",2.30240226931654,0.0228234357331641,0.909255707944059,6468,0.409624007896133,"ENSG00000077721",68
69,"enrichment","Micro.4","IGSF21",2.29961185251564,0.0229858255248761,0.909255707944059,58,0.226115428797267,"ENSG00000117154",69
70,"enrichment","Micro.4","GXYLT1",2.29326477609682,0.0233589804542817,0.909255707944059,4139,0.482413316610127,"ENSG00000151233",70
71,"enrichment","Micro.4","UBXN4",2.29248763393086,0.0234050332680019,0.909255707944059,914,0.185354016211967,"ENSG00000144224",71
72,"enrichment","Micro.4","GCFC2",2.28974595524753,0.0235681398883056,0.909255707944059,813,0.473550093941656,"ENSG00000005436",72
73,"enrichment","Micro.4","TRMT61B",2.28940042025896,0.0235887668844176,0.909255707944059,682,0.498121656290368,"ENSG00000171103",73
74,"enrichment","Micro.4","SGMS1",2.28483258661591,0.0238629396695965,0.909255707944059,3534,0.153660129677875,"ENSG00000198964",74
75,"enrichment","Micro.4","SLC7A6OS",2.27689661588254,0.0243459253658737,0.909255707944059,5191,0.434319773592311,"ENSG00000103061",75
76,"enrichment","Micro.4","RNF216",2.27626397164941,0.0243847944073013,0.909255707944059,2584,0.147655942213259,"ENSG00000011275",76
77,"enrichment","Micro.4","CWC22",2.27311810908669,0.0245788815835174,0.909255707944059,999,0.341204851568305,"ENSG00000163510",77
78,"enrichment","Micro.4","XRN1",2.27211939480129,0.0246407806094288,0.909255707944059,1449,0.188546920995952,"ENSG00000114127",78
79,"enrichment","Micro.4","SNRNP40",2.26860674336129,0.0248595761050317,0.909255707944059,112,0.410935733407089,"ENSG00000060688",79
80,"enrichment","Micro.4","CNTLN",2.25670601525052,0.0256135401758322,0.909255707944059,3189,0.314759866562592,"ENSG00000044459",80
81,"enrichment","Micro.4","REEP3",2.25455853350366,0.0257517022856127,0.909255707944059,3543,0.374433733922433,"ENSG00000165476",81
82,"enrichment","Micro.4","PACRGL",2.25282346580022,0.0258638064890694,0.909255707944059,1623,0.434174091697647,"ENSG00000163138",82
83,"enrichment","Micro.4","TRIM24",2.25041722822809,0.0260199815515076,0.909255707944059,2867,0.29506020398801,"ENSG00000122779",83
84,"enrichment","Micro.4","MTSS1",2.24855368092939,0.0261414994475759,0.909255707944059,3128,0.229356173933553,"ENSG00000170873",84
85,"enrichment","Micro.4","OPRM1",2.24776933472526,0.026192793077879,0.909255707944059,2535,0.59990754537819,"ENSG00000112038",85
86,"enrichment","Micro.4","FBXO38-DT",2.24661751945396,0.0262682773541475,0.909255707944059,2140,0.545260503425906,"ENSG00000247199",86
87,"enrichment","Micro.4","SENP7",2.23954698018303,0.0267358228639011,0.909255707944059,1345,0.154375345252428,"ENSG00000138468",87
88,"enrichment","Micro.4","PHF20L1",2.23863399130069,0.0267967215983013,0.909255707944059,3140,0.196463707287197,"ENSG00000129292",88
89,"enrichment","Micro.4","EIF3K",2.23662020502948,0.0269314746712345,0.909255707944059,5872,0.389831051631101,"ENSG00000178982",89
90,"enrichment","Micro.4","FOS",2.2333497209715,0.0271515804285934,0.909255707944059,4720,0.486691903191945,"ENSG00000170345",90
91,"enrichment","Micro.4","SUPT20H",2.23282437304435,0.0271870826234997,0.909255707944059,4460,0.268817922767938,"ENSG00000102710",91
92,"enrichment","Micro.4","LINC00907",2.23035678382965,0.0273543808969874,0.909255707944059,5635,0.571848043296534,"ENSG00000267586",92
93,"enrichment","Micro.4","CDKAL1",2.22621709885841,0.0276370616977839,0.909255707944059,2261,0.116240438339107,"ENSG00000145996",93
94,"enrichment","Micro.4","DNAJB6",2.22475425192057,0.0277375603682215,0.909255707944059,2908,0.165972087666238,"ENSG00000105993",94
95,"enrichment","Micro.4","MED13L",2.22428823238859,0.0277696431011985,0.909255707944059,4360,0.104007078379139,"ENSG00000123066",95
96,"enrichment","Micro.4","MANBA",2.223514345065,0.0278229922084186,0.909255707944059,1764,0.145205876060689,"ENSG00000109323",96
97,"enrichment","Micro.4","NUS1",2.22270999214168,0.0278785361718539,0.909255707944059,2465,0.38355844976841,"ENSG00000153989",97
98,"enrichment","Micro.4","DOCK2",2.22074868517946,0.0280143780154177,0.909255707944059,2174,0.126375530603063,"ENSG00000134516",98
99,"enrichment","Micro.4","SYNJ1",2.22055212956523,0.028028023377618,0.909255707944059,6138,0.375521217456806,"ENSG00000159082",99
100,"enrichment","Micro.4","ACLY",2.22035285002093,0.0280418637541052,0.909255707944059,5411,0.488752218734945,"ENSG00000131473",100
1,"enrichment","Micro.5","EIF1B-AS1",9.2246534432462,4.67251337948499e-16,3.05816000687293e-12,1229,4.96350396850407,"ENSG00000280739",1
2,"enrichment","Micro.5","SYT1",3.73513175198587,0.000274564349513027,0.00118381005768298,4268,0.915035734026699,"ENSG00000067715",2
3,"enrichment","Micro.5","CDIN1",3.72113955726027,0.000288743436881265,0.00123163089101979,4829,1.8195936610932,"ENSG00000186073",3
4,"enrichment","Micro.5","ENSG00000289474",3.58866802198917,0.000462011053945621,0.00176113124523826,931,0.715193228178039,"ENSG00000289474",4
5,"enrichment","Micro.5","TSPAN5",3.28416624031465,0.00129907043389478,0.00398426241323399,1756,0.509400575904357,"ENSG00000168785",5
6,"enrichment","Micro.5","KCNIP4",3.11707476599812,0.00222690236521003,0.00619688604604577,1624,0.762303498765103,"ENSG00000185774",6
7,"enrichment","Micro.5","GRIA1",3.07160940719859,0.0025695183974919,0.00697242865322739,2155,0.792142347674821,"ENSG00000155511",7
8,"enrichment","Micro.5","NRXN1",3.04541430452327,0.00278842243314086,0.00742180757417931,741,0.644131509883895,"ENSG00000179915",8
9,"enrichment","Micro.5","DMD",3.00108494767188,0.00319846623114879,0.00829724989412161,6369,0.621708155147703,"ENSG00000198947",9
10,"enrichment","Micro.5","SNTG1",2.79351465409534,0.0059624973995313,0.0136976291610854,3003,0.757119852422741,"ENSG00000147481",10
11,"enrichment","Micro.5","STMN1",2.76586522012407,0.00646235411899231,0.0146742293465047,87,0.578549256505758,"ENSG00000117632",11
12,"enrichment","Micro.5","TPR",2.75396280171853,0.00668903470436795,0.015065289793561,492,0.254911117139343,"ENSG00000047410",12
13,"enrichment","Micro.5","NALF1",2.71978507647811,0.00738068220769913,0.0163363425936391,4550,0.694112866787997,"ENSG00000204442",13
14,"enrichment","Micro.5","CNTN5",2.71090122225741,0.00757078085030593,0.0166837577997483,3968,0.79035319262012,"ENSG00000149972",14
15,"enrichment","Micro.5","HNRNPL",2.69164810690011,0.00799807704330557,0.0174491380828116,5874,0.252973436220323,"ENSG00000104824",15
16,"enrichment","Micro.5","LRRTM4",2.62117385825093,0.00975469818347791,0.0203780720111277,814,0.62388101231383,"ENSG00000176204",16
17,"enrichment","Micro.5","RBBP6",2.60339201093428,0.0102496356657369,0.0212540159289759,5111,0.232988200370293,"ENSG00000122257",17
18,"enrichment","Micro.5","VSNL1",2.58884948620095,0.0106710852527615,0.0219361553858017,654,0.626164866386986,"ENSG00000163032",18
19,"enrichment","Micro.5","PLP1",2.58863381138092,0.0106774511776309,0.0219415754968899,6453,0.504112696048618,"ENSG00000123560",19
20,"enrichment","Micro.5","SCN2A",2.54208125786333,0.0121340884956279,0.0243986510611014,959,0.635425610136325,"ENSG00000136531",20
21,"enrichment","Micro.5","CSMD1",2.51779349359833,0.0129626653939328,0.0256859355141661,2916,0.66847931338896,"ENSG00000183117",21
22,"enrichment","Micro.5","NRXN3",2.50155769755745,0.0135444107272915,0.0266503042959835,4737,0.568275476846715,"ENSG00000021645",22
23,"enrichment","Micro.5","PTPRD",2.48151947393511,0.0142944837619193,0.0278363990482253,3181,0.577165381306238,"ENSG00000153707",23
24,"enrichment","Micro.5","ROBO2",2.47915486895781,0.0143853961379877,0.0279799161138571,1324,0.653629544502997,"ENSG00000185008",24
25,"enrichment","Micro.5","MAP1B",2.46172316263822,0.0150716570366132,0.0290727955510267,1978,0.554613713017149,"ENSG00000131711",25
26,"enrichment","Micro.5","MT-ATP6",2.45668280637138,0.0152754488250987,0.029344823175894,6538,0.621479480858539,"ENSG00000198899",26
27,"enrichment","Micro.5","SLC66A2",2.43354884750659,0.0162425991907514,0.0307870870846996,5690,0.25914378905902,"ENSG00000122490",27
28,"enrichment","Micro.5","GSE1",2.33148794926551,0.0211890050776515,0.0383853474968749,5240,0.247084198588997,"ENSG00000131149",28
29,"enrichment","Micro.5","SNAP25",2.31810475639219,0.0219274035706688,0.0394690633354819,5986,0.51285012310467,"ENSG00000132639",29
30,"enrichment","Micro.5","USF2",2.30607451198544,0.0226103759220616,0.040488347581366,5854,0.295441882089227,"ENSG00000105698",30
31,"enrichment","Micro.5","MYRIP",2.27471431371046,0.0244793157379612,0.0431619400606023,1228,0.65168676267846,"ENSG00000170011",31
32,"enrichment","Micro.5","UCHL1",2.22811049063207,0.0275064935872806,0.0473887866619509,1660,0.488951039309029,"ENSG00000154277",32
33,"enrichment","Micro.5","OPCML",2.2181290915143,0.0281957412744913,0.0484232817217385,4043,0.635470033827086,"ENSG00000183715",33
34,"enrichment","Micro.5","NAA20",2.2147820876415,0.0284302076324573,0.0487492032890838,6004,0.302978614998508,"ENSG00000173418",34
35,"enrichment","Micro.5","ZMYND8",2.20613719535924,0.0290436776683951,0.0496580121054456,6069,0.162524464077475,"ENSG00000101040",35
36,"enrichment","Micro.5","TENM2",2.19816116849264,0.0296198667996738,0.0504323694599024,2171,0.585693048606791,"ENSG00000145934",36
37,"enrichment","Micro.5","TENM3",2.18619187328956,0.0305031724826227,0.0516675113609641,1865,0.521093631215211,"ENSG00000218336",37
38,"enrichment","Micro.5","PI4KA",2.13275990530667,0.0347308367759966,0.0575622503669025,6208,0.160205381049936,"ENSG00000241973",38
39,"enrichment","Micro.5","NCAM1",2.13211019286329,0.0347852115676576,0.0576181125008014,3998,0.49666144620478,"ENSG00000149294",39
40,"enrichment","Micro.5","PPFIA2",2.11390156706549,0.036339277161952,0.0597739555227383,4270,0.460744422645607,"ENSG00000139220",40
41,"enrichment","Micro.5","NRG3",2.08020052160686,0.0393737646265524,0.0637401161218862,3599,0.48322813485478,"ENSG00000185737",41
42,"enrichment","Micro.5","SLC25A29",2.0738374850756,0.0399704788995161,0.0644987141019066,4779,0.268171013316609,"ENSG00000197119",42
43,"enrichment","Micro.5","EEF1D",2.02545779534429,0.0447662053240228,0.0708230151911359,3155,0.278143481777525,"ENSG00000104529",43
44,"enrichment","Micro.5","CNTNAP2",1.99792038426375,0.0477089832624907,0.0746486482077461,2886,0.479976724583578,"ENSG00000174469",44
45,"enrichment","Micro.5","ENSG00000226824",1.94175148841603,0.0542233556195319,0.0829380375157365,2693,0.162636508110091,"ENSG00000226824",45
46,"enrichment","Micro.5","GABRB3",1.91366838214446,0.0577522855465962,0.0874164451670843,4808,0.484401702183122,"ENSG00000166206",46
47,"enrichment","Micro.5","CHL1",1.90710718652298,0.0586040238294685,0.0885010004531314,1134,0.440192315382587,"ENSG00000134121",47
48,"enrichment","Micro.5","GTF2I",1.88295291477568,0.0618309983842292,0.092753583411593,2709,0.117903279585988,"ENSG00000263001",48
49,"enrichment","Micro.5","YJU2B",1.87178393937426,0.063372691154191,0.0945893417569397,5777,0.262577174831925,"ENSG00000104957",49
50,"enrichment","Micro.5","CACNA1A",1.85383342430827,0.0659176709226884,0.0977415396893964,5776,0.250261821787289,"ENSG00000141837",50
51,"enrichment","Micro.5","DLG2",1.83712337739587,0.0683627635451009,0.100841624386451,3941,0.254839587891585,"ENSG00000150672",51
52,"enrichment","Micro.5","DLGAP1",1.80063439238011,0.0739646116585378,0.107673127959326,5582,0.431238938729891,"ENSG00000170579",52
53,"enrichment","Micro.5","TNFAIP8",1.79612623569362,0.0746823312797761,0.108548935870783,2067,0.244568786358651,"ENSG00000145779",53
54,"enrichment","Micro.5","ATP8A1",1.79437976518162,0.0749619188917879,0.108813865072062,1664,0.235628034825896,"ENSG00000124406",54
55,"enrichment","Micro.5","GRIA2",1.78660357119071,0.076217297383665,0.11046107426397,1837,0.41971255438876,"ENSG00000120251",55
56,"enrichment","Micro.5","RIMS2",1.77290028442849,0.0784717093384418,0.113201969940512,3101,0.445070439729537,"ENSG00000176406",56
57,"enrichment","Micro.5","MFSD14A",1.75230857414267,0.0819622939367345,0.117486468203225,291,0.153838727501137,"ENSG00000156875",57
58,"enrichment","Micro.5","SLIT2",1.74418537736302,0.0833738625806815,0.118988646007536,1622,0.362715412681445,"ENSG00000145147",58
59,"enrichment","Micro.5","NUBPL",1.73849388479315,0.0843746860472675,0.120128849288529,4601,0.159935577503784,"ENSG00000151413",59
60,"enrichment","Micro.5","DIS3L2",1.7237737139352,0.087008804841874,0.12337309445211,1109,0.141484743715559,"ENSG00000144535",60
61,"enrichment","Micro.5","PIEZO1",1.72113601556076,0.0874878279910132,0.123914268383722,5250,0.256722397792027,"ENSG00000103335",61
62,"enrichment","Micro.5","MT-CO2",1.7203973737897,0.087622354999803,0.124051116909736,6537,0.36128428071223,"ENSG00000198712",62
63,"enrichment","Micro.5","SRRM2",1.71982463209221,0.0877267831202072,0.124146219626157,5050,0.128401959406634,"ENSG00000167978",63
64,"enrichment","Micro.5","SLC4A10",1.71982088796025,0.0877274661223797,0.124146219626157,956,0.458791441070734,"ENSG00000144290",64
65,"enrichment","Micro.5","RBFOX1",1.71380639861406,0.0888302366222264,0.125571036434659,5063,0.422519171768739,"ENSG00000078328",65
66,"enrichment","Micro.5","DPP10",1.69273553424702,0.0927830072479813,0.13056649805161,882,0.401565808491748,"ENSG00000175497",66
67,"enrichment","Micro.5","DOCK3",1.67805095458981,0.0956212637641477,0.134013098787226,1276,0.242687167971015,"ENSG00000088538",67
68,"enrichment","Micro.5","RASGEF1C",1.66969542823697,0.0972673508070759,0.13594166368403,2209,0.170880666793038,"ENSG00000146090",68
69,"enrichment","Micro.5","LINGO2",1.65387703732994,0.100446347449061,0.13963919797241,3208,0.500657611847914,"ENSG00000174482",69
70,"enrichment","Micro.5","ZNF91",1.6455100658538,0.102161399633304,0.141752461437349,5833,0.146060717748026,"ENSG00000167232",70
71,"enrichment","Micro.5","PCBP1-AS1",1.6426052535924,0.102762305823489,0.142314704108069,796,0.140741296732165,"ENSG00000179818",71
72,"enrichment","Micro.5","SUSD3",1.63124108229845,0.105140522234672,0.14527015368924,3284,0.225858975790199,"ENSG00000157303",72
73,"enrichment","Micro.5","LRRC7",1.62607655661657,0.106235817613203,0.146536022397979,230,0.419639884240321,"ENSG00000033122",73
74,"enrichment","Micro.5","MT-CO3",1.62296031322906,0.106901124451994,0.147329513484586,6539,0.306244877872635,"ENSG00000198938",74
75,"enrichment","Micro.5","PCDH7",1.61795249328894,0.107977263779917,0.148718685067247,1634,0.437761071400959,"ENSG00000169851",75
76,"enrichment","Micro.5","ENSG00000269514",1.60723354312534,0.110309814998301,0.151548643821134,4157,0.306601893029052,"ENSG00000269514",76
77,"enrichment","Micro.5","GNG2",1.60705204714793,0.11034965411193,0.151571560579766,4639,0.202126766322405,"ENSG00000186469",77
78,"enrichment","Micro.5","CSMD3",1.59189459137792,0.113717525671384,0.155674797222172,3111,0.387360986629033,"ENSG00000164796",78
79,"enrichment","Micro.5","CHN1",1.54532574923576,0.124578709219255,0.168221095902625,985,0.348979354636739,"ENSG00000128656",79
80,"enrichment","Micro.5","FKTN",1.52480532317891,0.129617195205708,0.174233835001306,3320,0.25839917264795,"ENSG00000106692",80
81,"enrichment","Micro.5","NKAIN2",1.51947093935698,0.130952830393332,0.175776512494741,2472,0.341899183636729,"ENSG00000188580",81
82,"enrichment","Micro.5","CTNNBL1",1.51901741392613,0.131066881045004,0.175893528078645,6054,0.174829242860536,"ENSG00000132792",82
83,"enrichment","Micro.5","SYN2",1.51741323480224,0.131470918170365,0.17639958167795,1159,0.398094967895435,"ENSG00000157152",83
84,"enrichment","Micro.5","MDGA2",1.50186977280168,0.135436496396917,0.181052260808379,4628,0.39722547808277,"ENSG00000139915",84
85,"enrichment","Micro.5","LRRC4C",1.48270984098948,0.140452573766645,0.186644521831947,3808,0.367325954829175,"ENSG00000148948",85
86,"enrichment","Micro.5","HS6ST3",1.46120710628299,0.146252730129363,0.193261481667006,4533,0.362880811581274,"ENSG00000185352",86
87,"enrichment","Micro.5","ZNF100",1.46053512678343,0.146436932330203,0.19333307295742,5831,0.197579300611135,"ENSG00000197020",87
88,"enrichment","Micro.5","LDB2",1.4409377858546,0.151888226258306,0.199060560845137,1616,0.386901756169299,"ENSG00000169744",88
89,"enrichment","Micro.5","ADGRL3",1.4339463660195,0.153870362884515,0.201295527699211,1686,0.291327612217008,"ENSG00000150471",89
90,"enrichment","Micro.5","GRIA3",1.41852948231948,0.158311383617932,0.20636287707217,6476,0.389667542636608,"ENSG00000125675",90
91,"enrichment","Micro.5","MYO1F",1.40105527846158,0.163462941719452,0.212148513494708,5741,0.110860574368127,"ENSG00000142347",91
92,"enrichment","Micro.5","TTC3",1.39613623735088,0.16493592163019,0.213636573732356,6158,0.099885564193679,"ENSG00000182670",92
93,"enrichment","Micro.5","GIGYF1",1.39485179888287,0.165322198125981,0.214009847059838,2783,0.152252815262637,"ENSG00000146830",93
94,"enrichment","Micro.5","LSAMP",1.38365473731523,0.168718758857574,0.217846572642104,1366,0.275296696626915,"ENSG00000185565",94
95,"enrichment","Micro.5","ERC2",1.37767277519277,0.170554915166063,0.219820752809526,1293,0.296106004663752,"ENSG00000187672",95
96,"enrichment","Micro.5","ANKS1B",1.36114871306967,0.175705581113078,0.225444624266829,4302,0.313192913346222,"ENSG00000185046",96
97,"enrichment","Micro.5","GNG7",1.33865941086256,0.182902950397661,0.233307310534534,5709,0.0852588686011071,"ENSG00000176533",97
98,"enrichment","Micro.5","AGBL4",1.32378893564225,0.187781952551681,0.23850822422875,188,0.315839719039055,"ENSG00000186094",98
99,"enrichment","Micro.5","LMO4",1.32167690991943,0.188482711918446,0.239264803111913,260,0.165231313037456,"ENSG00000143013",99
100,"enrichment","Micro.5","PHACTR1",1.32103165337526,0.188697193178094,0.239484803054223,2247,0.167702866762078,"ENSG00000112137",100
