"cell_type_class","cell_type_broad","cell_type_anno","n","prop","median_sum","median_detected","median_Mito_percent","median_scDblFinder.score","passALL_metricQC"
"glia","Astro","Astro.01",10976,0.0873308243756117,9395,3590,0.0794060439263882,0.00100528565235436,TRUE
"glia","Astro","Astro.02",5276,0.0419786287723877,3337,1889,0.126930405511363,0.000734380388166755,TRUE
"glia","Astro","Astro.03",3087,0.0245617943556408,5406,2599,0.100755667506297,0.000924889114685357,TRUE
"glia","Astro","Astro.04",1133,0.00901474344183382,7658,3244,0.0528541226215645,0.00122074235696346,TRUE
"glia","Astro","Astro.05",812,0.00646069874207331,1847.5,1229.5,0.168527678017345,0.000745779310818762,TRUE
"glia","Astro","Astro.06_QC",384,0.0030553058090593,1165,846,0.225608111203294,0.000635124044492841,FALSE
"glia","Astro","Astro.07_QC",280,0.00222782715243907,14575,4964,0.0854129508092875,0.999193727970123,FALSE
"glia","Astro","Astro.08_QC",81,0.000644478569098446,26876,7034,0.160478517762054,0.999249517917633,FALSE
"glia","Astro","Astro.09_QC",47,0.000373956700587987,585,490,0.330578512396694,0.000672829744871706,FALSE
"glia","Astro","Astro.10_QC",47,0.000373956700587987,53380,9134,0.0710168428278907,0.999248325824738,FALSE
"glia","Astro","Astro.11_QC",22,0.000175043561977356,859,685,0.154254760611221,0.000838600302813575,FALSE
"glia","Macro","Macro",433,0.00344517556073614,4066,2031,0.0519210799584631,0.000800709356553853,TRUE
"glia","Micro","Micro.1",4227,0.0336322334762856,4598,2277,0.0491460867428431,0.000770697370171547,TRUE
"glia","Micro","Micro.2",3748,0.0298210577405059,2557.5,1561.5,0.103296911620631,0.000751511135604233,TRUE
"glia","Micro","Micro.3",1876,0.0149264419213418,4734.5,2340,0.0540248869100194,0.000797880900790915,TRUE
"glia","Micro","Micro.4",1728,0.0137488761407668,4342.5,2212.5,0.0504542922805442,0.000770697370171547,TRUE
"glia","Micro","Micro.5",590,0.0046943500712109,2510,1555.5,0.105979080854467,0.000796548731159419,TRUE
"glia","Micro","Micro.7_QC",802,0.00638113348662906,1497.5,1047.5,0.205199894452585,0.000711355532985181,FALSE
"glia","Micro","Micro.8_QC",124,0.000986609167508732,7586.5,3412.5,0.123122336301363,0.998731076717377,FALSE
"glia","OPC","OPC.1",4815,0.0383106704964076,8122,3246,0.0582139946443125,0.00105605681892484,TRUE
"glia","OPC","OPC.2",4009,0.0318977109076009,4601,2335,0.0664893617021277,0.000801169662736356,TRUE
"glia","OPC","OPC.3",3932,0.0312850584406801,12043.5,3952.5,0.0493803943148788,0.00150453706737608,TRUE
"glia","OPC","OPC.4",1961,0.0156027465926179,10767,3799,0.0571722600194386,0.00124705652706325,TRUE
"glia","OPC","OPC.5",458,0.00364408869934677,2204,1435.5,0.110091876552733,0.000659410608932376,TRUE
"glia","Oligo","Oligo.01",12519,0.0996077432906598,5673,2404,0.0740521327014218,0.00119136390276253,TRUE
"glia","Oligo","Oligo.02",12010,0.0955578717885474,8807,3125,0.0603697657643977,0.00184304174035788,TRUE
"glia","Oligo","Oligo.03",8587,0.0683226848499797,2161,1327,0.199203187250996,0.000751511135604233,TRUE
"glia","Oligo","Oligo.04",6911,0.054987548037523,3616,1817,0.1311303435615,0.000991483684629202,TRUE
"glia","Oligo","Oligo.05",4254,0.0338470596659851,3743.5,1872.5,0.115953984716549,0.000974191672867164,TRUE
"glia","Oligo","Oligo.10_QC",812,0.00646069874207331,1111,818,0.367538628140964,0.000702247663866729,FALSE
"glia","Oligo","Oligo.11_QC",118,0.000938870014242181,8577,3550,0.0825238303655395,0.998968243598938,FALSE
"glia","Oligo","Oligo.ambig",962,0.0076541775737371,4294.5,2239.5,0.199807264013818,0.00166642339900136,TRUE
"glia","Vasc","Vasc.Endo",586,0.0046625239690332,6700.5,2700,0.140307935945474,0.00132696097716689,TRUE
"glia","Vasc","Vasc.PC",147,0.00116960925503051,6357,2755,0.282035561005518,0.00142231769859791,TRUE
"glia","Vasc","Vasc.VLMC",915,0.00728022087314911,6712,2842,0.0571973307912297,0.0011227052891627,TRUE
"neuron","Excit","Excit.L2",2209,0.0175759649276354,72874,9498,0.100393766662577,0.00159267953131348,TRUE
"neuron","Excit","Excit.L2_5.1",8671,0.0689910329957114,27638,6506,0.120288692862871,0.0015696962364018,TRUE
"neuron","Excit","Excit.L2_5.2",609,0.00484552405655498,61717,9080,0.0327139492279508,0.00129733025096357,TRUE
"neuron","Excit","Excit.L5.1",2235,0.0177828345917905,57008,8821,0.111635459481403,0.00236709206365049,TRUE
"neuron","Excit","Excit.L5.2",241,0.00191752265620649,63691,9154,0.0369902018976834,0.00510669872164726,TRUE
"neuron","Excit","Excit.L5_6_NP",152,0.00120939188275264,49046.5,8421.5,0.104109969518625,0.047508716583252,TRUE
"neuron","Excit","Excit.L6_CT",625,0.00497282846526579,70322,9087,0.0909077249027062,0.00204705214127898,TRUE
"neuron","Excit","Excit.L6b",897,0.00713700341334946,68541,9095,0.133516591399961,0.00208178465254605,TRUE
"neuron","Excit","Inhib.Pax6",125,0.000994565693053158,65886,9176,0.119176828619464,0.0360816270112991,TRUE
"neuron","Inhib","Inhib.Chandelier",303,0.00241082723996085,34203,7041,0.17790987295142,0.0146487327292562,TRUE
"neuron","Inhib","Inhib.Lamp5_Lhx6",1234,0.00981835252182077,34249.5,7298.5,0.0947018847016545,0.00451101106591523,TRUE
"neuron","Inhib","Inhib.Pvalb",1363,0.0108447443170516,41165,7923,0.116135221793027,0.00378827983513474,TRUE
"neuron","Inhib","Inhib.Sst",815,0.00648456831870659,33886,7145,0.0947811148628636,0.00371794821694493,TRUE
"neuron","Inhib","Inhib.Vip",7535,0.0599524199772443,19072,5608,0.101365452268797,0.00274951988831162,TRUE
